Module,Total SMV,Product Type,Avg Per Day,Actual Per Day,Defect Qty,Reject Qty,Missing Qty,Defect Name
AL01,33.1,Hoody Baselayer,90,85.0,4.0,0.0,1.0,Polybag Suffocation Warning
,0.0,,0,0.0,0.0,0.0,0.0,
AL01,33.1,,90,88.0,2.0,0.0,0.0,Dust on Garments
,0.0,,0,0.0,0.0,0.0,0.0,
AL02,33.61,Hoody Baselayer,32,31.0,1.0,0.0,0.0,Bonding
AL02,33.61,Hoody Baselayer,24,20.0,4.0,0.0,0.0,Shading between Garment/within set/Part to part
AL02,33.61,Hoody Baselayer,11,11.0,0.0,0.0,0.0,
AL02,33.61,Hoody Baselayer,44,41.0,2.0,0.0,1.0,Polybag Suffocation Warning
AL02,33.61,Hoody Baselayer,218,220.0,2.0,0.0,0.0,Oil Mark
AL02,33.1,Hoody Baselayer,514,500.0,12.0,1.0,2.0,Carton Marking
AL02,33.1,Hoody Baselayer,592,588.0,4.0,0.0,0.0,Incorrect color placement/sequence
AL02,33.1,Hoody Baselayer,515,513.0,1.0,0.0,1.0,Polybag Suffocation Warning
AL02,33.1,Hoody Baselayer,774,760.0,14.0,1.0,0.0,Shading between Garment/within set/Part to part
AL02,33.1,Hoody Baselayer,629,624.0,5.0,0.0,0.0,Condition of Carton/Inner
AL02,33.1,Hoody Baselayer,386,380.0,6.0,0.0,0.0,Dust on Garments
AL02,33.1,Hoody Baselayer,721,711.0,10.0,1.0,0.0,Carton Marking
AL02,33.1,Hoody Baselayer,850,835.0,15.0,2.0,0.0,Polybag Suffocation Warning
AL02,33.1,Hoody Baselayer,549,545.0,4.0,0.0,0.0,Wrong Size Tag/Price Ticket
AL02,33.1,Hoody Baselayer,747,732.0,15.0,1.0,0.0,Bonding
AL02,33.1,Hoody Baselayer,541,538.0,3.0,0.0,0.0,Insecurely Fusing Backing
AL02,33.61,Hoody Baselayer,515,500.0,15.0,2.0,0.0,Dye Stains/Pen Mark/Glue Mark/Chalk Mark
AL02,33.61,Hoody Baselayer,490,480.0,10.0,1.0,0.0,Color off Standard
AL02,33.61,Hoody Baselayer,876,875.0,1.0,0.0,0.0,Polybag Suffocation Warning
AL02,33.61,Hoody Baselayer,773,753.0,20.0,3.0,0.0,Printing Defects
AL02,24.83,T-shirt Baselayer,446,440.0,6.0,0.0,0.0,Peeling off
AL02,24.83,T-shirt Baselayer,450,395.0,40.0,4.0,15.0,Polybag Suffocation Warning
AL02,24.83,T-shirt Baselayer,1005,983.0,22.0,2.0,0.0,Weight
AL02,24.83,T-shirt Baselayer,618,615.0,3.0,0.0,0.0,Hand Feel
AL02,24.83,T-shirt Baselayer,850,815.0,30.0,4.0,5.0,Heat Seal
AL02,24.56,T-shirt Baselayer,554,550.0,4.0,0.0,0.0,Polybag Suffocation Warning
AL02,24.56,T-shirt Baselayer,798,768.0,29.0,3.0,1.0,Streak Marks/Crinkle Marks
AL02,24.56,T-shirt Baselayer,773,753.0,20.0,2.0,0.0,Snagging
AL02,24.56,T-shirt Baselayer,438,400.0,38.0,3.0,0.0,Peeling off
AL02,24.56,T-shirt Baselayer,515,495.0,20.0,2.0,0.0,Insecurely Fusing Backing
AL02,24.56,T-shirt Baselayer,695,678.0,17.0,1.0,0.0,
AL02,24.56,T-shirt Baselayer,284,275.0,9.0,1.0,0.0,
AL02,24.83,T-shirt Baselayer,1030,998.0,32.0,4.0,0.0,
AL02,24.83,T-shirt Baselayer,541,521.0,20.0,4.0,0.0,
AL02,24.83,T-shirt Baselayer,721,719.0,2.0,0.0,0.0,Condition of Carton/Inner
AL02,24.83,T-shirt Baselayer,1236,1220.0,16.0,3.0,0.0,
AL02,33.61,Hoody Baselayer,172,152.0,20.0,4.0,0.0,Color off Standard
AL02,33.61,Hoody Baselayer,258,229.0,29.0,5.0,0.0,Incorrect color placement/sequence
AL02,33.61,Hoody Baselayer,464,453.0,11.0,1.0,0.0,Printing Defects
AL02,33.61,Hoody Baselayer,631,620.0,11.0,1.0,0.0,Carton Marking
AL02,33.61,Hoody Baselayer,876,852.0,24.0,3.0,0.0,
AL02,33.61,Hoody Baselayer,773,748.0,25.0,3.0,0.0,
AL02,33.1,Hoody Baselayer,652,630.0,22.0,2.0,0.0,
AL02,33.1,Hoody Baselayer,618,598.0,20.0,1.0,0.0,
AL02,33.1,Hoody Baselayer,412,400.0,10.0,0.0,2.0,
AL02,33.1,Hoody Baselayer,824,800.0,20.0,2.0,4.0,Oil Mark
AL02,33.1,Hoody Baselayer,530,510.0,19.0,3.0,1.0,Polybag Suffocation Warning
AL02,33.1,Hoody Baselayer,504,490.0,14.0,2.0,0.0,Insecurely Fusing Backing
AL02,33.1,Hoody Baselayer,515,499.0,16.0,2.0,0.0,Color off Standard
AL02,33.1,Hoody Baselayer,659,620.0,30.0,4.0,9.0,Weight
AL02,33.1,Hoody Baselayer,484,456.0,28.0,3.0,0.0,
AL02,33.61,Hoody Baselayer,515,502.0,13.0,2.0,0.0,
AL02,33.61,Hoody Baselayer,611,607.0,4.0,0.0,0.0,
AL02,33.61,Hoody Baselayer,803,785.0,18.0,2.0,0.0,
AL02,33.61,Hoody Baselayer,504,499.0,5.0,0.0,0.0,Peeling off
AL02,33.61,Hoody Baselayer,504,499.0,5.0,0.0,0.0,
AL02,33.61,Jacket Full Zip,961,925.0,34.0,4.0,2.0,Dye Stains/Pen Mark/Glue Mark/Chalk Mark
AL02,33.61,Jacket Full Zip,850,842.0,8.0,0.0,0.0,Insecurely Fusing Backing
AL02,33.61,Jacket Full Zip,772,760.0,12.0,2.0,0.0,Polybag Suffocation Warning
AL02,33.1,Jacket Full Zip,108,90.0,18.0,2.0,0.0,Shading between Garment/within set/Part to part
AL02,33.1,Jacket Full Zip,0,0.0,0.0,0.0,0.0,
AL02,33.1,Jacket Full Zip,0,0.0,0.0,0.0,0.0,
AL02,33.1,Jacket Full Zip,0,0.0,0.0,0.0,0.0,
AL02,33.1,Jacket Full Zip,0,0.0,0.0,0.0,0.0,
AL02,33.1,Jacket Full Zip,0,0.0,0.0,0.0,0.0,
AL02,33.61,Hoody Baselayer,0,0.0,0.0,0.0,0.0,
AL02,33.61,Hoody Baselayer,0,0.0,0.0,0.0,0.0,
AL02,33.61,Hoody Baselayer,0,0.0,0.0,0.0,0.0,
AL02,33.61,Hoody Baselayer,0,0.0,0.0,0.0,0.0,
AL02,33.61,Hoody Baselayer,0,0.0,0.0,0.0,0.0,
AL02,33.61,Hoody Baselayer,0,0.0,0.0,0.0,0.0,
AL02,33.1,Hoody Baselayer,0,0.0,0.0,0.0,0.0,
AL02,33.1,Hoody Baselayer,0,0.0,0.0,0.0,0.0,
AL02,33.1,Hoody Baselayer,0,0.0,0.0,0.0,0.0,
AL02,33.1,Hoody Baselayer,0,0.0,0.0,0.0,0.0,
AL02,33.1,Hoody Baselayer,0,0.0,0.0,0.0,0.0,
AL02,33.1,Hoody Baselayer,0,0.0,0.0,0.0,0.0,
,0.0,,0,0.0,0.0,0.0,0.0,
AL02,24.83,,766,750.0,16.0,1.0,0.0,Carton Marking
,0.0,,0,0.0,0.0,0.0,0.0,
,0.0,,0,0.0,0.0,0.0,0.0,
AL02,24.56,,579,563.0,16.0,1.0,0.0,Shading between Garment/within set/Part to part
,0.0,,0,0.0,0.0,0.0,0.0,
,0.0,,0,0.0,0.0,0.0,0.0,
AL02,33.61,,508,496.0,12.0,0.0,0.0,Minimum Neck Opening
,0.0,,0,0.0,0.0,0.0,0.0,
,0.0,,0,0.0,0.0,0.0,0.0,
AL02,33.1,,578,562.0,16.0,1.0,0.0,Color off Standard
,0.0,,0,0.0,0.0,0.0,0.0,
,0.0,,0,0.0,0.0,0.0,0.0,
AL02,31.55,,579,560.0,19.0,2.0,0.0,Insecurely Fusing Backing
,0.0,,0,0.0,0.0,0.0,0.0,
AL05,18.83,T-shirt,111,100.0,11.0,1.0,0.0,Printing Defects
AL05,16.55,T-shirt,79,65.0,14.0,1.0,0.0,Heat Seal
AL05,7.98,T-shirt Baselayer,33,20.0,13.0,1.0,0.0,Peeling off
AL05,8.7,T-shirt Baselayer,1,1.0,0.0,0.0,0.0,
AL05,7.98,T-shirt Baselayer,40,35.0,5.0,0.0,0.0,
AL05,7.98,T-shirt Baselayer,4,4.0,0.0,0.0,0.0,
AL05,7.98,T-shirt Baselayer,14,14.0,0.0,0.0,0.0,
AL05,7.98,T-shirt Baselayer,659,657.0,2.0,0.0,0.0,
AL05,7.98,T-shirt Baselayer,1030,1006.0,24.0,2.0,0.0,Color off Standard
AL05,7.98,T-shirt Baselayer,1133,1100.0,33.0,3.0,0.0,
AL05,13.8,T-shirt,301,298.0,3.0,0.0,0.0,
AL05,17.27,T-shirt,264,260.0,4.0,0.0,0.0,Weight
AL05,17.27,T-shirt,11,11.0,0.0,0.0,0.0,
AL05,17.27,T-shirt,263,260.0,3.0,0.0,0.0,Minimum Neck Opening
AL05,17.27,T-shirt,11,11.0,0.0,0.0,0.0,
AL05,17.27,T-shirt,158,150.0,8.0,0.0,0.0,Peeling off
AL05,17.27,T-shirt,298,290.0,8.0,0.0,0.0,
AL05,17.27,T-shirt,6,6.0,0.0,0.0,0.0,
AL05,17.27,T-shirt,11,11.0,0.0,0.0,0.0,
AL05,17.27,T-shirt,30,30.0,0.0,0.0,0.0,
AL05,17.27,T-shirt,114,110.0,4.0,0.0,0.0,
AL05,17.27,T-shirt,165,162.0,3.0,0.0,0.0,
AL05,17.27,T-shirt,292,291.0,1.0,0.0,0.0,
AL05,17.27,T-shirt,196,190.0,6.0,0.0,0.0,Printing Defects
AL05,17.27,T-shirt,5,5.0,0.0,0.0,0.0,
AL05,17.27,T-shirt,434,425.0,9.0,0.0,0.0,Shading between Garment/within set/Part to part
AL05,17.27,T-shirt,458,425.0,33.0,3.0,0.0,Wrong Size Tag/Price Ticket
AL05,17.27,T-shirt Polo,80,56.0,24.0,2.0,0.0,Oil Mark
AL05,17.27,T-shirt,44,44.0,0.0,0.0,0.0,
AL05,17.27,T-shirt,6,6.0,0.0,0.0,0.0,
AL05,17.27,T-shirt,73,70.0,3.0,0.0,0.0,Peeling off
AL05,17.27,T-shirt,214,212.0,2.0,0.0,0.0,Heat Seal
AL05,17.27,T-shirt,533,530.0,3.0,0.0,0.0,
AL05,17.27,T-shirt,6,6.0,0.0,0.0,0.0,
AL05,17.27,T-shirt,42,40.0,2.0,0.0,0.0,
AL05,17.27,T-shirt,533,521.0,12.0,1.0,0.0,Fabric/Yarn Defects	Fabric
AL05,17.27,T-shirt,916,900.0,16.0,1.0,0.0,
AL05,17.27,T-shirt,200,199.0,1.0,0.0,0.0,Sequins/Beads/Diamantes/Rhinestone
AL05,17.27,T-shirt,926,915.0,11.0,1.0,0.0,Dust on Garments
AL05,17.27,T-shirt,401,385.0,16.0,2.0,0.0,
AL05,17.27,T-shirt,694,670.0,24.0,2.0,0.0,Color off Standard
AL05,12.66,T-shirt,709,700.0,9.0,0.0,0.0,Peeling off
AL05,12.66,T-shirt,6,5.0,0.0,0.0,1.0,
AL05,12.66,T-shirt,217,215.0,2.0,0.0,0.0,Oil Mark
AL05,12.66,T-shirt,1238,1208.0,30.0,4.0,0.0,Missing Tag/Price Ticket
AL05,12.66,T-shirt,6,6.0,0.0,0.0,0.0,
AL05,12.66,T-shirt,420,396.0,24.0,2.0,0.0,Printing Defects
AL05,12.66,T-shirt,945,940.0,5.0,0.0,0.0,Heat Seal
AL05,12.66,T-shirt,1271,1268.0,3.0,0.0,0.0,Minimum Neck Opening
AL05,17.27,T-shirt Crew neck,150,144.0,6.0,0.0,0.0,Weight
AL05,17.27,T-shirt Crew neck,362,350.0,12.0,1.0,0.0,Fabric/Yarn Defects
AL05,17.27,T-shirt Crew neck,63,63.0,0.0,0.0,0.0,
AL05,17.27,T-shirt Crew neck,79,78.0,1.0,0.0,0.0,Bonding
AL05,17.27,T-shirt Crew neck,300,255.0,45.0,5.0,0.0,Shading between Garment/within set/Part to part
AL05,17.27,T-shirt Crew neck,184,180.0,4.0,0.0,0.0,Oil Mark
AL05,17.27,T-shirt Crew neck,420,411.0,9.0,0.0,0.0,Sequins/Beads/Diamantes/Rhinestone
AL05,17.27,T-shirt Crew neck,287,265.0,22.0,2.0,0.0,Heat Seal
AL05,17.27,T-shirt Crew neck,7,5.0,2.0,0.0,0.0,Packing Integrity/Mixed Size or Color
AL05,17.27,T-shirt Crew neck,49,49.0,0.0,0.0,0.0,
AL05,17.27,T-shirt Crew neck,200,189.0,11.0,1.0,0.0,Carton Marking
AL05,17.27,T-shirt Crew neck,4,4.0,0.0,0.0,0.0,
AL05,17.27,T-shirt Crew neck,761,752.0,9.0,0.0,0.0,Peeling off
AL05,17.27,T-shirt Crew neck,700,666.0,34.0,2.0,0.0,
AL05,17.27,T-shirt Crew neck,53,52.0,1.0,0.0,0.0,
AL05,17.27,T-shirt Crew neck,210,200.0,10.0,0.0,0.0,Contamination/migration
AL05,17.27,T-shirt Crew neck,32,32.0,0.0,0.0,0.0,Oil Mark
AL05,17.27,T-shirt Crew neck,56,55.0,1.0,0.0,0.0,Dust on Garments
AL05,17.27,T-shirt Crew neck,420,415.0,5.0,0.0,0.0,Packing Integrity/Mixed Size or Color
AL05,17.27,T-shirt Crew neck,210,200.0,10.0,0.0,0.0,
AL05,18.83,T-shirt,206,200.0,6.0,0.0,0.0,Fabric/Yarn Defects
AL05,18.83,T-shirt,148,112.0,36.0,2.0,0.0,Minimum Neck Opening
AL05,12.66,T-shirt,506,495.0,11.0,1.0,0.0,
AL05,12.66,T-shirt,434,428.0,6.0,0.0,0.0,
AL05,12.66,T-shirt,302,300.0,2.0,0.0,0.0,Heat Seal
AL05,12.66,T-shirt,372,366.0,6.0,0.0,0.0,Missing Tag/Price Ticket
AL05,7.98,T-shirt Baselayer,944,935.0,9.0,0.0,0.0,Dust on Garments
AL05,7.98,T-shirt Baselayer,1288,1275.0,13.0,1.0,0.0,Printing Defects
AL05,7.98,T-shirt Baselayer,1709,1695.0,14.0,1.0,0.0,Oil Mark
,0.0,,0,0.0,0.0,0.0,0.0,
AL05,8.7,,1,1.0,0.0,0.0,0.0,
,0.0,,0,0.0,0.0,0.0,0.0,
,0.0,,0,0.0,0.0,0.0,0.0,
AL05,7.98,,586,575.0,11.0,1.0,0.0,Bad Smell
,0.0,,0,0.0,0.0,0.0,0.0,
,0.0,,0,0.0,0.0,0.0,0.0,
AL05,7.98,,944,935.0,9.0,0.0,0.0,Minimum Neck Opening
,0.0,,0,0.0,0.0,0.0,0.0,
,0.0,,0,0.0,0.0,0.0,0.0,
AL05,7.98,,14,12.0,2.0,0.0,0.0,Dust on Garments
,0.0,,0,0.0,0.0,0.0,0.0,
,0.0,,0,0.0,0.0,0.0,0.0,
AL05,7.98,,4,4.0,0.0,0.0,0.0,
,0.0,,0,0.0,0.0,0.0,0.0,
,0.0,,0,0.0,0.0,0.0,0.0,
AL05,16.55,,79,78.0,1.0,0.0,0.0,Packing Integrity/Mixed Size or Color
,0.0,,0,0.0,0.0,0.0,0.0,
,0.0,,0,0.0,0.0,0.0,0.0,
AL05,18.83,,155,155.0,0.0,0.0,0.0,
,0.0,,0,0.0,0.0,0.0,0.0,
,0.0,,0,0.0,0.0,0.0,0.0,
AL05,17.27,,239,236.0,3.0,0.0,0.0,Dust on Garments
,0.0,,0,0.0,0.0,0.0,0.0,
,0.0,,0,0.0,0.0,0.0,0.0,
AL05,12.75,,517,500.0,17.0,1.0,0.0,Packing Integrity/Mixed Size or Color
,0.0,,0,0.0,0.0,0.0,0.0,
AL06,15.18,T-shirt Baselayer,164,162.0,2.0,0.0,0.0,Color off Standard
AL06,15.18,T-shirt Baselayer,147,140.0,7.0,0.0,0.0,Fabric/Yarn Defects
AL06,15.18,T-shirt Baselayer,149,140.0,9.0,0.0,0.0,Printing Defects
AL06,18.67,Hoody Baselayer,129,122.0,7.0,0.0,0.0,
AL06,18.67,Hoody Baselayer,110,100.0,10.0,1.0,0.0,
AL06,18.67,Hoody Baselayer,510,508.0,2.0,0.0,0.0,Packing Integrity/Mixed Size or Color
AL06,18.67,Hoody Baselayer,687,680.0,7.0,0.0,0.0,Dust on Garments
AL06,18.67,Hoody Baselayer,464,460.0,4.0,0.0,0.0,
AL06,18.67,Hoody Baselayer,541,538.0,3.0,0.0,0.0,
AL06,15.18,T-shirt Baselayer,258,250.0,8.0,0.0,0.0,
AL06,15.18,T-shirt Baselayer,515,500.0,15.0,1.0,0.0,
AL06,15.18,T-shirt Baselayer,515,502.0,13.0,1.0,0.0,
AL06,15.18,T-shirt Baselayer,386,385.0,1.0,0.0,0.0,
AL06,16.57,Hoody Baselayer,360,342.0,18.0,2.0,0.0,
AL06,16.57,Hoody Baselayer,618,601.0,17.0,1.0,0.0,Color off Standard
AL06,16.57,Hoody Baselayer,335,333.0,2.0,0.0,0.0,
AL06,16.57,Hoody Baselayer,774,772.0,2.0,0.0,0.0,
AL06,16.57,Hoody Baselayer,309,300.0,9.0,0.0,0.0,Incorrect color placement/sequence
AL06,16.57,Hoody Baselayer,618,610.0,8.0,0.0,0.0,Packing Integrity/Mixed Size or Color
AL06,16.57,Hoody Baselayer,721,720.0,1.0,0.0,0.0,
AL06,16.57,Hoody Baselayer,721,719.0,2.0,0.0,0.0,
AL06,16.57,Hoody Baselayer,773,766.0,7.0,0.0,0.0,Bad Smell
AL06,16.57,Hoody Baselayer,361,355.0,6.0,0.0,0.0,Printing Defects
AL06,16.57,Hoody Baselayer,515,508.0,7.0,0.0,0.0,Contamination/migration
AL06,16.57,Hoody Baselayer,336,331.0,5.0,0.0,0.0,
AL06,16.57,Hoody Baselayer,1174,1152.0,22.0,2.0,0.0,Fabric/Yarn Defects
AL06,15.18,T-shirt Baselayer,258,250.0,8.0,0.0,0.0,Color off Standard
AL06,15.18,T-shirt Baselayer,464,454.0,10.0,1.0,0.0,
AL06,15.18,T-shirt Baselayer,280,265.0,15.0,2.0,0.0,Weight
AL06,15.18,T-shirt Baselayer,942,933.0,9.0,0.0,0.0,Sequins/Beads/Diamantes/Rhinestone
AL06,15.18,T-shirt Baselayer,412,410.0,2.0,0.0,0.0,
AL06,15.18,T-shirt Baselayer,772,765.0,7.0,0.0,0.0,Heat Seal
AL06,15.18,T-shirt Baselayer,1133,1124.0,9.0,0.0,0.0,
AL06,11.08,T-shirt Baselayer,343,325.0,18.0,2.0,0.0,Color off Standard
AL06,11.08,T-shirt Baselayer,1030,1014.0,16.0,1.0,0.0,
AL06,11.08,T-shirt Baselayer,265,260.0,5.0,0.0,0.0,
AL06,11.08,T-shirt Baselayer,721,714.0,7.0,0.0,0.0,Shading between Garment/within set/Part to part
AL06,11.08,T-shirt Baselayer,722,720.0,2.0,0.0,0.0,
AL06,11.08,T-shirt Baselayer,876,865.0,11.0,1.0,0.0,
AL06,11.08,T-shirt Baselayer,1391,1378.0,13.0,1.0,0.0,
AL06,11.08,T-shirt Baselayer,592,588.0,4.0,0.0,0.0,
AL06,11.08,T-shirt Baselayer,670,645.0,23.0,3.0,2.0,
AL06,18.67,Hoody Baselayer,415,410.0,5.0,0.0,0.0,Printing Defects
AL06,18.67,Hoody Baselayer,1031,1025.0,6.0,0.0,0.0,Contamination/migration
AL06,18.67,Hoody Baselayer,515,500.0,15.0,2.0,0.0,Shading between Garment/within set/Part to part
AL06,18.67,Hoody Baselayer,515,499.0,16.0,2.0,0.0,Fabric/Yarn Defects
AL06,18.67,Hoody Baselayer,840,820.0,20.0,2.0,0.0,Heat Seal
AL06,18.67,Hoody Baselayer,1051,1035.0,16.0,3.0,0.0,
AL06,18.67,Hoody Baselayer,258,0.0,0.0,0.0,0.0,Snagging
AL06,18.67,Hoody Baselayer,1020,0.0,0.0,0.0,0.0,Color off Standard
AL06,18.67,Hoody Baselayer,629,0.0,0.0,0.0,0.0,Contamination/migration
AL06,18.67,Hoody Baselayer,611,0.0,0.0,0.0,0.0,
AL06,18.67,Hoody Baselayer,824,0.0,0.0,0.0,0.0,Dye Stains/Pen Mark/Glue Mark/Chalk Mark
AL06,18.67,Hoody Baselayer,273,0.0,0.0,0.0,0.0,
AL06,18.67,Hoody Baselayer,773,0.0,0.0,0.0,0.0,Bad Smell
AL06,11.08,T-shirt Baselayer,520,0.0,0.0,0.0,0.0,Shading between Garment/within set/Part to part
AL06,11.08,T-shirt Baselayer,584,0.0,0.0,0.0,0.0,
AL06,11.08,T-shirt Baselayer,515,0.0,0.0,0.0,0.0,
AL06,11.08,T-shirt Baselayer,570,0.0,0.0,0.0,0.0,Packing Integrity/Mixed Size or Color
AL06,11.08,T-shirt Baselayer,708,0.0,0.0,0.0,0.0,Printing Defects
AL06,11.08,T-shirt Baselayer,912,0.0,0.0,0.0,0.0,Oil Mark
AL06,11.08,T-shirt Baselayer,366,0.0,0.0,0.0,0.0,More or Less Shipment Over Required
AL06,11.08,T-shirt Baselayer,1511,0.0,0.0,0.0,0.0,Printing Defects
AL06,9.13,T-shirt Baselayer,262,0.0,0.0,0.0,0.0,Incorrect color placement/sequence
AL06,9.13,T-shirt Baselayer,670,0.0,0.0,0.0,0.0,Carton Marking
AL06,9.13,T-shirt Baselayer,515,0.0,0.0,0.0,0.0,Fabric/Yarn Defects
AL06,9.13,T-shirt Baselayer,525,0.0,0.0,0.0,0.0,Weight
AL06,15.18,T-shirt Baselayer,335,0.0,0.0,0.0,0.0,
AL06,15.18,T-shirt Baselayer,371,0.0,0.0,0.0,0.0,
AL06,15.18,T-shirt Baselayer,273,0.0,0.0,0.0,0.0,Sequins/Beads/Diamantes/Rhinestone
AL06,15.18,T-shirt Baselayer,515,0.0,0.0,0.0,0.0,Incorrect color placement/sequence
AL06,15.18,T-shirt Baselayer,816,0.0,0.0,0.0,0.0,Packing Integrity/Mixed Size or Color
AL06,15.18,T-shirt Baselayer,671,0.0,0.0,0.0,0.0,Oil Mark
AL06,16.57,Hoody Baselayer,462,0.0,0.0,0.0,0.0,Contamination/migration
AL06,16.57,Hoody Baselayer,412,0.0,0.0,0.0,0.0,Heat Seal
AL06,16.57,Hoody Baselayer,428,0.0,0.0,0.0,0.0,
AL06,16.57,Hoody Baselayer,542,0.0,0.0,0.0,0.0,
AL06,16.57,Hoody Baselayer,721,0.0,0.0,0.0,0.0,
AL06,16.57,Hoody Baselayer,336,0.0,0.0,0.0,0.0,
AL06,16.57,Hoody Baselayer,721,0.0,0.0,0.0,0.0,
AL06,16.57,Hoody Baselayer,942,0.0,0.0,0.0,0.0,Fabric/Yarn Defects
AL06,16.57,Hoody Baselayer,530,0.0,0.0,0.0,0.0,More or Less Shipment Over Required
AL06,16.57,Hoody Baselayer,1185,0.0,0.0,0.0,0.0,Oil Mark
AL06,15.18,T-shirt Baselayer,303,0.0,0.0,0.0,0.0,Bad Smell
AL06,15.18,T-shirt Baselayer,0,0.0,0.0,0.0,0.0,
AL06,15.18,T-shirt Baselayer,0,0.0,0.0,0.0,0.0,
AL06,15.18,T-shirt Baselayer,0,0.0,0.0,0.0,0.0,
AL06,15.18,T-shirt Baselayer,0,0.0,0.0,0.0,0.0,
AL06,18.67,Hoody Baselayer,0,0.0,0.0,0.0,0.0,
AL06,18.67,Hoody Baselayer,0,0.0,0.0,0.0,0.0,
AL06,18.67,Hoody Baselayer,0,0.0,0.0,0.0,0.0,
AL06,18.67,Hoody Baselayer,0,0.0,0.0,0.0,0.0,
AL06,18.67,Hoody Baselayer,0,0.0,0.0,0.0,0.0,
AL06,18.67,Hoody Baselayer,0,0.0,0.0,0.0,0.0,
AL06,11.08,T-shirt Baselayer,0,0.0,0.0,0.0,0.0,
AL06,11.08,T-shirt Baselayer,0,0.0,0.0,0.0,0.0,
AL06,11.08,T-shirt Baselayer,0,0.0,0.0,0.0,0.0,
,0.0,,0,0.0,0.0,0.0,0.0,
AL06,16.57,,604,0.0,0.0,0.0,0.0,
,0.0,,0,0.0,0.0,0.0,0.0,
,0.0,,0,0.0,0.0,0.0,0.0,
AL06,9.13,,493,0.0,0.0,0.0,0.0,
,0.0,,0,0.0,0.0,0.0,0.0,
,0.0,,0,0.0,0.0,0.0,0.0,
AL06,11.08,,723,0.0,0.0,0.0,0.0,
,0.0,,0,0.0,0.0,0.0,0.0,
,0.0,,0,0.0,0.0,0.0,0.0,
AL06,15.18,,461,0.0,0.0,0.0,0.0,
,0.0,,0,0.0,0.0,0.0,0.0,
,0.0,,0,0.0,0.0,0.0,0.0,
AL06,18.67,,589,0.0,0.0,0.0,0.0,
,0.0,,0,0.0,0.0,0.0,0.0,
,0.0,,0,0.0,0.0,0.0,0.0,
AL06,15.31,,584,0.0,0.0,0.0,0.0,
,0.0,,0,0.0,0.0,0.0,0.0,
AL08,7.98,T-shirt Baselayer,40,0.0,0.0,0.0,0.0,Shading between Garment/within set/Part to part
AL08,11.08,T-shirt Baselayer,171,0.0,0.0,0.0,0.0,Packing Integrity/Mixed Size or Color
AL08,7.98,T-shirt Baselayer,4,0.0,0.0,0.0,0.0,
AL08,7.98,T-shirt Baselayer,791,0.0,0.0,0.0,0.0,Snagging
AL08,7.98,T-shirt Baselayer,490,0.0,0.0,0.0,0.0,Weight
AL08,7.98,T-shirt Baselayer,180,0.0,0.0,0.0,0.0,Shading between Garment/within set/Part to part
AL08,7.98,T-shirt Baselayer,1030,0.0,0.0,0.0,0.0,
AL08,12.45,Bra Sports bra,52,0.0,0.0,0.0,0.0,Fabric/Yarn Defects
AL08,11.08,T-shirt Baselayer,160,0.0,0.0,0.0,0.0,
AL08,11.1,T-shirt Baselayer,270,0.0,0.0,0.0,0.0,
AL08,11.1,T-shirt Baselayer,515,0.0,0.0,0.0,0.0,
AL08,11.1,T-shirt Baselayer,439,0.0,0.0,0.0,0.0,Embroidery/Applique
AL08,11.1,T-shirt Baselayer,412,0.0,0.0,0.0,0.0,Contamination/migration
AL08,11.1,T-shirt Baselayer,490,0.0,0.0,0.0,0.0,Packing Integrity/Mixed Size or Color
AL08,11.1,T-shirt Baselayer,515,0.0,0.0,0.0,0.0,Carton Marking
AL08,11.1,T-shirt Baselayer,412,0.0,0.0,0.0,0.0,
AL08,11.1,T-shirt Baselayer,516,0.0,0.0,0.0,0.0,Heat Seal
AL08,11.1,T-shirt Baselayer,605,0.0,0.0,0.0,0.0,
AL08,9.13,T-shirt Baselayer,568,0.0,0.0,0.0,0.0,
AL08,9.13,T-shirt Baselayer,498,0.0,0.0,0.0,0.0,Oil Mark
AL08,9.13,T-shirt Baselayer,335,0.0,0.0,0.0,0.0,Bad Smell
AL08,9.13,T-shirt Baselayer,438,0.0,0.0,0.0,0.0,Weight
AL08,9.13,T-shirt Baselayer,552,0.0,0.0,0.0,0.0,
AL08,12.45,Bra Sports bra,466,0.0,0.0,0.0,0.0,Sequins/Beads/Diamantes/Rhinestone
AL08,12.45,Bra Sports bra,621,0.0,0.0,0.0,0.0,
AL08,8.01,Projections,1099,0.0,0.0,0.0,0.0,
AL08,11.1,T-shirt Baselayer,232,0.0,0.0,0.0,0.0,
AL08,11.1,T-shirt Baselayer,360,0.0,0.0,0.0,0.0,Contamination/migration
AL08,11.1,T-shirt Baselayer,582,0.0,0.0,0.0,0.0,
AL08,11.1,T-shirt Baselayer,258,0.0,0.0,0.0,0.0,
AL08,11.1,T-shirt Baselayer,464,0.0,0.0,0.0,0.0,Embroidery/Applique
AL08,11.1,T-shirt Baselayer,876,0.0,0.0,0.0,0.0,
AL08,13.02,Projections,510,0.0,0.0,0.0,0.0,Snagging
AL08,13.02,Projections,701,0.0,0.0,0.0,0.0,Bad Smell
AL08,13.02,Projections,878,0.0,0.0,0.0,0.0,Shading between Garment/within set/Part to part
AL08,11.1,T-shirt Baselayer,0,0.0,0.0,0.0,0.0,
AL08,11.1,T-shirt Baselayer,0,0.0,0.0,0.0,0.0,
AL08,11.1,T-shirt Baselayer,0,0.0,0.0,0.0,0.0,
AL08,11.1,T-shirt Baselayer,0,0.0,0.0,0.0,0.0,
AL08,9.13,T-shirt Baselayer,0,0.0,0.0,0.0,0.0,
AL08,9.13,T-shirt Baselayer,0,0.0,0.0,0.0,0.0,
AL08,9.13,T-shirt Baselayer,0,0.0,0.0,0.0,0.0,
AL08,9.13,T-shirt Baselayer,0,0.0,0.0,0.0,0.0,
,0.0,,0,0.0,0.0,0.0,0.0,
AL08,12.45,,380,0.0,0.0,0.0,0.0,Shading between Garment/within set/Part to part
,0.0,,0,0.0,0.0,0.0,0.0,
,0.0,,0,0.0,0.0,0.0,0.0,
AL08,7.98,,422,0.0,0.0,0.0,0.0,Bad Smell
,0.0,,0,0.0,0.0,0.0,0.0,
,0.0,,0,0.0,0.0,0.0,0.0,
AL08,11.1,,463,0.0,0.0,0.0,0.0,Packing Integrity/Mixed Size or Color
,0.0,,0,0.0,0.0,0.0,0.0,
,0.0,,0,0.0,0.0,0.0,0.0,
AL08,9.13,,478,0.0,0.0,0.0,0.0,Carton Marking
,0.0,,0,0.0,0.0,0.0,0.0,
,0.0,,0,0.0,0.0,0.0,0.0,
AL08,11.08,,166,0.0,0.0,0.0,0.0,Packing Integrity/Mixed Size or Color
,0.0,,0,0.0,0.0,0.0,0.0,
,0.0,,0,0.0,0.0,0.0,0.0,
AL08,13.02,,696,0.0,0.0,0.0,0.0,Hygiene and Smell
,0.0,,0,0.0,0.0,0.0,0.0,
,0.0,,0,0.0,0.0,0.0,0.0,
AL08,8.01,,1099,0.0,0.0,0.0,0.0,Incorrect color placement/sequence
,0.0,,0,0.0,0.0,0.0,0.0,
,0.0,,0,0.0,0.0,0.0,0.0,
AL08,10.41,,472,0.0,0.0,0.0,0.0,Contamination/migration
,0.0,,0,0.0,0.0,0.0,0.0,
AL09,11.24,Hoody Baselayer,2,0.0,0.0,0.0,0.0,
AL09,11.24,Hoody Baselayer,670,0.0,0.0,0.0,0.0,Embroidery/Applique
AL09,11.24,Hoody Baselayer,721,0.0,0.0,0.0,0.0,Dust on Garments
AL09,11.24,Hoody Baselayer,258,0.0,0.0,0.0,0.0,Carton Label
AL09,11.24,Hoody Baselayer,515,0.0,0.0,0.0,0.0,Heat Seal
AL09,10.14,Hoody Baselayer,696,0.0,0.0,0.0,0.0,More or Less Shipment Over Required
AL09,10.14,Hoody Baselayer,772,0.0,0.0,0.0,0.0,
AL09,10.14,Hoody Baselayer,517,0.0,0.0,0.0,0.0,
AL09,10.14,Hoody Baselayer,515,0.0,0.0,0.0,0.0,Weight
AL09,10.14,Hoody Baselayer,858,0.0,0.0,0.0,0.0,Packing Integrity/Mixed Size or Color
AL09,10.14,Hoody Baselayer,515,0.0,0.0,0.0,0.0,Polybag Suffocation Warning
AL09,10.14,Hoody Baselayer,914,0.0,0.0,0.0,0.0,Fabric/Yarn Defects
AL09,10.14,Hoody Baselayer,670,0.0,0.0,0.0,0.0,
AL09,10.14,Hoody Baselayer,696,0.0,0.0,0.0,0.0,Heat Seal
AL09,11.24,Hoody Baselayer,696,0.0,0.0,0.0,0.0,Carton Marking
AL09,11.24,Hoody Baselayer,464,0.0,0.0,0.0,0.0,Dust on Garments
AL09,11.24,Hoody Baselayer,671,0.0,0.0,0.0,0.0,Hygiene and Smell
AL09,7.98,T-shirt Baselayer,1326,0.0,0.0,0.0,0.0,
AL09,10.97,T-shirt Baselayer,248,0.0,0.0,0.0,0.0,
AL09,10.97,T-shirt Baselayer,310,0.0,0.0,0.0,0.0,
AL09,10.97,T-shirt Baselayer,309,0.0,0.0,0.0,0.0,
AL09,10.97,T-shirt Baselayer,310,0.0,0.0,0.0,0.0,Contamination/migration
AL09,7.98,T-shirt Baselayer,386,0.0,0.0,0.0,0.0,Incorrect color placement/sequence
AL09,7.98,T-shirt Baselayer,258,0.0,0.0,0.0,0.0,
AL09,7.98,T-shirt Baselayer,773,0.0,0.0,0.0,0.0,
AL09,7.98,T-shirt Baselayer,659,0.0,0.0,0.0,0.0,
AL09,7.98,T-shirt Baselayer,618,0.0,0.0,0.0,0.0,Packing Integrity/Mixed Size or Color
AL09,7.98,T-shirt Baselayer,1082,0.0,0.0,0.0,0.0,
AL09,11.24,Hoody Baselayer,258,0.0,0.0,0.0,0.0,Heat Seal
AL09,11.24,Hoody Baselayer,481,0.0,0.0,0.0,0.0,Carton Marking
AL09,11.24,Hoody Baselayer,481,0.0,0.0,0.0,0.0,Hygiene and Smell
AL09,11.24,Hoody Baselayer,567,0.0,0.0,0.0,0.0,Weight
AL09,11.24,Hoody Baselayer,258,0.0,0.0,0.0,0.0,Embroidery/Applique
AL09,11.24,Hoody Baselayer,618,0.0,0.0,0.0,0.0,Sequins/Beads/Diamantes/Rhinestone
AL09,10.14,Hoody Baselayer,670,0.0,0.0,0.0,0.0,
AL09,10.14,Hoody Baselayer,670,0.0,0.0,0.0,0.0,
AL09,10.14,Hoody Baselayer,567,0.0,0.0,0.0,0.0,Contamination/migration
AL09,10.14,Hoody Baselayer,515,0.0,0.0,0.0,0.0,Snagging
AL09,10.14,Hoody Baselayer,412,0.0,0.0,0.0,0.0,
AL09,10.14,Hoody Baselayer,824,0.0,0.0,0.0,0.0,
AL09,10.14,Hoody Baselayer,1107,0.0,0.0,0.0,0.0,Bonding
AL09,10.14,Hoody Baselayer,1133,0.0,0.0,0.0,0.0,Shading between Garment/within set/Part to part
AL09,10.14,Hoody Baselayer,284,0.0,0.0,0.0,0.0,
AL09,10.14,Hoody Baselayer,1185,0.0,0.0,0.0,0.0,
AL09,10.14,Hoody Baselayer,360,0.0,0.0,0.0,0.0,Hygiene and Smell
AL09,10.14,Hoody Baselayer,850,0.0,0.0,0.0,0.0,
AL09,10.14,Hoody Baselayer,1069,0.0,0.0,0.0,0.0,Contamination/migration
AL09,10.14,Hoody Baselayer,0,0.0,0.0,0.0,0.0,
AL09,11.24,Hoody Baselayer,0,0.0,0.0,0.0,0.0,
AL09,11.24,Hoody Baselayer,0,0.0,0.0,0.0,0.0,
AL09,11.24,Hoody Baselayer,0,0.0,0.0,0.0,0.0,
AL09,11.24,Hoody Baselayer,0,0.0,0.0,0.0,0.0,
AL09,11.24,Hoody Baselayer,0,0.0,0.0,0.0,0.0,
,0.0,,0,0.0,0.0,0.0,0.0,
AL09,10.97,,294,0.0,0.0,0.0,0.0,Bonding
,0.0,,0,0.0,0.0,0.0,0.0,
,0.0,,0,0.0,0.0,0.0,0.0,
AL09,7.98,,786,0.0,0.0,0.0,0.0,Carton Marking
,0.0,,0,0.0,0.0,0.0,0.0,
,0.0,,0,0.0,0.0,0.0,0.0,
AL09,10.14,,718,0.0,0.0,0.0,0.0,Incorrect color placement/sequence
,0.0,,0,0.0,0.0,0.0,0.0,
,0.0,,0,0.0,0.0,0.0,0.0,
AL09,7.98,,1326,0.0,0.0,0.0,0.0,Hygiene and Smell
,0.0,,0,0.0,0.0,0.0,0.0,
,0.0,,0,0.0,0.0,0.0,0.0,
AL09,7.98,,472,0.0,0.0,0.0,0.0,Carton Label
,0.0,,0,0.0,0.0,0.0,0.0,
,0.0,,0,0.0,0.0,0.0,0.0,
AL09,11.24,,475,0.0,0.0,0.0,0.0,Dust on Garments
,0.0,,0,0.0,0.0,0.0,0.0,
,0.0,,0,0.0,0.0,0.0,0.0,
AL09,10.31,,611,0.0,0.0,0.0,0.0,Contamination/migration
,0.0,,0,0.0,0.0,0.0,0.0,
AL10,23.31,T-shirt Baselayer,242,0.0,0.0,0.0,0.0,
AL10,30.98,Jacket Baselayer,61,0.0,0.0,0.0,0.0,Carton Marking
AL10,30.98,Jacket Baselayer,38,0.0,0.0,0.0,0.0,
AL10,22.7,Bra Sports bra,6,0.0,0.0,0.0,0.0,Dust on Garments
AL10,22.7,Bra Sports bra,62,0.0,0.0,0.0,0.0,
AL10,22.7,Bra Sports bra,188,0.0,0.0,0.0,0.0,Hygiene and Smell
AL10,22.7,Bra Sports bra,445,0.0,0.0,0.0,0.0,
AL10,23.31,T-shirt Baselayer,253,0.0,0.0,0.0,0.0,Embroidery/Applique
AL10,24.54,Bra Sports bra,258,0.0,0.0,0.0,0.0,Carton Marking
AL10,24.54,Bra Sports bra,386,0.0,0.0,0.0,0.0,
AL10,24.54,Bra Sports bra,515,0.0,0.0,0.0,0.0,
AL10,24.54,Bra Sports bra,541,0.0,0.0,0.0,0.0,
AL10,24.54,Bra Sports bra,284,0.0,0.0,0.0,0.0,Incorrect color placement/sequence
AL10,24.54,Bra Sports bra,258,0.0,0.0,0.0,0.0,
AL10,17.49,Bra Sports bra,490,0.0,0.0,0.0,0.0,
AL10,17.49,Bra Sports bra,360,0.0,0.0,0.0,0.0,
AL10,26.26,Bra Sports bra,220,0.0,0.0,0.0,0.0,
AL10,26.26,Bra Sports bra,405,0.0,0.0,0.0,0.0,Contamination/migration
AL10,26.08,Bra Sports bra,747,0.0,0.0,0.0,0.0,Embellishment
AL10,26.08,Bra Sports bra,378,0.0,0.0,0.0,0.0,
AL10,26.08,Bra Sports bra,627,0.0,0.0,0.0,0.0,
AL10,24.28,Bra Sports bra,72,0.0,0.0,0.0,0.0,
AL10,24.28,Bra Sports bra,115,0.0,0.0,0.0,0.0,
AL10,22.7,Bra Sports bra,172,0.0,0.0,0.0,0.0,
AL10,22.7,Bra Sports bra,258,0.0,0.0,0.0,0.0,
AL10,22.7,Bra Sports bra,296,0.0,0.0,0.0,0.0,
AL10,22.7,Bra Sports bra,515,0.0,0.0,0.0,0.0,Carton Marking
AL10,33.3,Hoody Baselayer,288,0.0,0.0,0.0,0.0,Hygiene and Smell
AL10,33.3,Hoody Baselayer,323,0.0,0.0,0.0,0.0,
AL10,33.3,Hoody Baselayer,515,0.0,0.0,0.0,0.0,Embroidery/Applique
AL10,30.98,Jacket Baselayer,270,0.0,0.0,0.0,0.0,Contamination/migration
AL10,30.98,Jacket Baselayer,490,0.0,0.0,0.0,0.0,
AL10,30.98,Jacket Baselayer,644,0.0,0.0,0.0,0.0,Sequins/Beads/Diamantes/Rhinestone
AL10,30.98,Jacket Baselayer,414,0.0,0.0,0.0,0.0,Oil Mark
AL10,24.48,Hoody Baselayer,309,0.0,0.0,0.0,0.0,
AL10,24.48,Hoody Baselayer,360,0.0,0.0,0.0,0.0,Incorrect color placement/sequence
AL10,24.48,Hoody Baselayer,618,0.0,0.0,0.0,0.0,
AL10,22.7,Bra Sports bra,258,0.0,0.0,0.0,0.0,
AL10,22.7,Bra Sports bra,270,0.0,0.0,0.0,0.0,
AL10,22.7,Bra Sports bra,541,0.0,0.0,0.0,0.0,Bonding
AL10,23.31,T-shirt Baselayer,206,0.0,0.0,0.0,0.0,
AL10,23.31,T-shirt Baselayer,344,0.0,0.0,0.0,0.0,
AL10,23.31,T-shirt Baselayer,309,0.0,0.0,0.0,0.0,Carton Marking
AL10,23.31,T-shirt Baselayer,619,0.0,0.0,0.0,0.0,Packing Integrity/Mixed Size or Color
AL10,24.99,T-shirt,10,0.0,0.0,0.0,0.0,
AL10,24.99,T-shirt,317,0.0,0.0,0.0,0.0,
AL10,24.99,T-shirt,171,0.0,0.0,0.0,0.0,
AL10,24.99,T-shirt,138,0.0,0.0,0.0,0.0,
AL10,24.99,T-shirt,384,0.0,0.0,0.0,0.0,
AL10,24.99,T-shirt,477,0.0,0.0,0.0,0.0,Hygiene and Smell
AL10,15.99,Hoody Baselayer,431,0.0,0.0,0.0,0.0,Packing Integrity/Mixed Size or Color
AL10,15.99,Hoody Baselayer,878,0.0,0.0,0.0,0.0,Shading between Garment/within set/Part to part
AL10,15.99,Hoody Baselayer,0,0.0,0.0,0.0,0.0,
AL10,15.99,Hoody Baselayer,0,0.0,0.0,0.0,0.0,
AL10,24.99,T-shirt,0,0.0,0.0,0.0,0.0,
AL10,24.99,T-shirt,0,0.0,0.0,0.0,0.0,
AL10,24.99,T-shirt,0,0.0,0.0,0.0,0.0,
AL10,24.99,T-shirt,0,0.0,0.0,0.0,0.0,
AL10,20.58,Tank Top Baselayer,0,0.0,0.0,0.0,0.0,
AL10,20.58,Tank Top Baselayer,0,0.0,0.0,0.0,0.0,
,0.0,,0,0.0,0.0,0.0,0.0,
AL10,17.49,,425,0.0,0.0,0.0,0.0,Shading between Garment/within set/Part to part
,0.0,,0,0.0,0.0,0.0,0.0,
,0.0,,0,0.0,0.0,0.0,0.0,
AL10,24.54,,374,0.0,0.0,0.0,0.0,Carton Marking
,0.0,,0,0.0,0.0,0.0,0.0,
,0.0,,0,0.0,0.0,0.0,0.0,
AL10,22.7,,274,0.0,0.0,0.0,0.0,Snagging
,0.0,,0,0.0,0.0,0.0,0.0,
,0.0,,0,0.0,0.0,0.0,0.0,
AL10,26.15,,475,0.0,0.0,0.0,0.0,Packing Integrity/Mixed Size or Color
,0.0,,0,0.0,0.0,0.0,0.0,
,0.0,,0,0.0,0.0,0.0,0.0,
AL10,24.28,,94,0.0,0.0,0.0,0.0,Incorrect color placement/sequence
,0.0,,0,0.0,0.0,0.0,0.0,
,0.0,,0,0.0,0.0,0.0,0.0,
AL10,30.98,,320,0.0,0.0,0.0,0.0,Snagging
,0.0,,0,0.0,0.0,0.0,0.0,
,0.0,,0,0.0,0.0,0.0,0.0,
AL10,23.31,,329,0.0,0.0,0.0,0.0,Embroidery/Applique
,0.0,,0,0.0,0.0,0.0,0.0,
,0.0,,0,0.0,0.0,0.0,0.0,
AL10,15.99,,655,0.0,0.0,0.0,0.0,Contamination/migration
,0.0,,0,0.0,0.0,0.0,0.0,
,0.0,,0,0.0,0.0,0.0,0.0,
AL10,24.48,,429,0.0,0.0,0.0,0.0,Carton Marking
,0.0,,0,0.0,0.0,0.0,0.0,
,0.0,,0,0.0,0.0,0.0,0.0,
AL10,33.3,,375,0.0,0.0,0.0,0.0,Snagging
,0.0,,0,0.0,0.0,0.0,0.0,
,0.0,,0,0.0,0.0,0.0,0.0,
AL10,20.58,,0,0.0,0.0,0.0,0.0,
,0.0,,0,0.0,0.0,0.0,0.0,
,0.0,,0,0.0,0.0,0.0,0.0,
AL10,24.99,,249,0.0,0.0,0.0,0.0,Carton Marking
,0.0,,0,0.0,0.0,0.0,0.0,
,0.0,,0,0.0,0.0,0.0,0.0,
AL10,24.42,,342,0.0,0.0,0.0,0.0,Bonding
,0.0,,0,0.0,0.0,0.0,0.0,
AL12,7.98,T-shirt Baselayer,774,0.0,0.0,0.0,0.0,Packing Integrity/Mixed Size or Color
AL12,7.98,T-shirt Baselayer,721,0.0,0.0,0.0,0.0,Bonding
AL12,7.98,T-shirt Baselayer,1216,0.0,0.0,0.0,0.0,
AL12,8.7,T-shirt Baselayer,13,0.0,0.0,0.0,0.0,
AL12,7.98,T-shirt Baselayer,798,0.0,0.0,0.0,0.0,
AL12,7.98,T-shirt Baselayer,1159,0.0,0.0,0.0,0.0,
AL12,7.98,T-shirt Baselayer,1133,0.0,0.0,0.0,0.0,
,0.0,,0,0.0,0.0,0.0,0.0,
AL12,8.7,,13,0.0,0.0,0.0,0.0,
,0.0,,0,0.0,0.0,0.0,0.0,
,0.0,,0,0.0,0.0,0.0,0.0,
AL12,7.98,,748,0.0,0.0,0.0,0.0,
,0.0,,0,0.0,0.0,0.0,0.0,
,0.0,,0,0.0,0.0,0.0,0.0,
AL12,7.98,,1216,0.0,0.0,0.0,0.0,
,0.0,,0,0.0,0.0,0.0,0.0,
,0.0,,0,0.0,0.0,0.0,0.0,
AL12,7.98,,1030,0.0,0.0,0.0,0.0,
,0.0,,0,0.0,0.0,0.0,0.0,
,0.0,,0,0.0,0.0,0.0,0.0,
AL12,8.08,,831,0.0,0.0,0.0,0.0,
,0.0,,0,0.0,0.0,0.0,0.0,
AL13,27.48,Hoody,34,0.0,0.0,0.0,0.0,
AL13,27.48,Hoody,34,0.0,0.0,0.0,0.0,
AL13,27.48,Hoody,334,0.0,0.0,0.0,0.0,
AL13,27.48,Hoody,10,0.0,0.0,0.0,0.0,
AL13,27.48,Hoody,111,0.0,0.0,0.0,0.0,
AL13,27.48,Hoody,79,0.0,0.0,0.0,0.0,
AL13,27.48,Hoody,75,0.0,0.0,0.0,0.0,
AL13,27.48,Hoody,83,0.0,0.0,0.0,0.0,
AL13,27.48,Hoody,213,0.0,0.0,0.0,0.0,
AL13,27.48,Hoody,426,0.0,0.0,0.0,0.0,
AL13,27.48,Hoody,179,0.0,0.0,0.0,0.0,
AL13,27.48,Hoody,71,0.0,0.0,0.0,0.0,
AL13,27.48,Hoody,122,0.0,0.0,0.0,0.0,
AL13,27.48,Hoody,10,0.0,0.0,0.0,0.0,
AL13,27.48,Hoody,416,0.0,0.0,0.0,0.0,
AL13,27.48,Hoody,268,0.0,0.0,0.0,0.0,
AL13,27.48,Hoody,135,0.0,0.0,0.0,0.0,
AL13,27.48,Hoody,400,0.0,0.0,0.0,0.0,
AL13,27.48,Hoody,10,0.0,0.0,0.0,0.0,
AL13,27.48,Hoody,24,0.0,0.0,0.0,0.0,
AL13,27.48,Hoody,103,0.0,0.0,0.0,0.0,
AL13,27.48,Hoody,288,0.0,0.0,0.0,0.0,
AL13,27.48,Hoody,787,0.0,0.0,0.0,0.0,
AL13,27.48,Hoody,50,0.0,0.0,0.0,0.0,
AL13,27.48,Hoody,156,0.0,0.0,0.0,0.0,
AL13,27.48,Hoody,169,0.0,0.0,0.0,0.0,
AL13,27.48,Hoody,286,0.0,0.0,0.0,0.0,
AL13,27.48,Hoody,224,0.0,0.0,0.0,0.0,
AL13,27.48,Hoody,264,0.0,0.0,0.0,0.0,
AL13,27.48,Hoody,346,0.0,0.0,0.0,0.0,
AL13,27.48,Hoody,206,0.0,0.0,0.0,0.0,
AL13,27.48,Hoody,307,0.0,0.0,0.0,0.0,
AL13,27.48,Hoody,168,0.0,0.0,0.0,0.0,
AL13,27.48,Hoody,494,0.0,0.0,0.0,0.0,
AL13,27.48,Hoody,364,0.0,0.0,0.0,0.0,
AL13,27.48,Hoody,408,0.0,0.0,0.0,0.0,
AL13,7.98,T-shirt Baselayer,1837,0.0,0.0,0.0,0.0,
AL13,27.48,Hoody,30,0.0,0.0,0.0,0.0,
AL13,27.48,Hoody,123,0.0,0.0,0.0,0.0,
AL13,27.48,Hoody,182,0.0,0.0,0.0,0.0,
AL13,27.48,Hoody,112,0.0,0.0,0.0,0.0,
AL13,27.48,Hoody,228,0.0,0.0,0.0,0.0,
AL13,27.48,Hoody,132,0.0,0.0,0.0,0.0,
AL13,27.48,Hoody,271,0.0,0.0,0.0,0.0,
AL13,27.48,Hoody,144,0.0,0.0,0.0,0.0,
AL13,27.48,Hoody,293,0.0,0.0,0.0,0.0,
AL13,27.48,Hoody,217,0.0,0.0,0.0,0.0,
AL13,27.48,Hoody,488,0.0,0.0,0.0,0.0,
AL13,27.48,Hoody,304,0.0,0.0,0.0,0.0,
AL13,27.48,Hoody,548,0.0,0.0,0.0,0.0,
AL13,27.48,Hoody,28,0.0,0.0,0.0,0.0,
AL13,27.48,Hoody,35,0.0,0.0,0.0,0.0,
AL13,27.48,Hoody,79,0.0,0.0,0.0,0.0,
AL13,27.48,Hoody,91,0.0,0.0,0.0,0.0,
AL13,27.48,Hoody,76,0.0,0.0,0.0,0.0,
AL13,27.48,Hoody,240,0.0,0.0,0.0,0.0,
AL13,27.48,Hoody,306,0.0,0.0,0.0,0.0,
AL13,28.96,T-shirt,10,0.0,0.0,0.0,0.0,
AL13,28.96,T-shirt,20,0.0,0.0,0.0,0.0,
AL13,28.96,T-shirt,74,0.0,0.0,0.0,0.0,
AL13,28.96,T-shirt,96,0.0,0.0,0.0,0.0,
AL13,28.96,T-shirt,236,0.0,0.0,0.0,0.0,
AL13,28.96,T-shirt,145,0.0,0.0,0.0,0.0,
AL13,28.96,T-shirt,160,0.0,0.0,0.0,0.0,
AL13,28.96,T-shirt,480,0.0,0.0,0.0,0.0,
AL13,28.96,T-shirt,10,0.0,0.0,0.0,0.0,
AL13,28.96,T-shirt,21,0.0,0.0,0.0,0.0,
AL13,28.96,T-shirt,66,0.0,0.0,0.0,0.0,
AL13,28.96,T-shirt,260,0.0,0.0,0.0,0.0,
AL13,28.96,T-shirt,168,0.0,0.0,0.0,0.0,
AL13,28.96,T-shirt,456,0.0,0.0,0.0,0.0,
AL13,28.96,T-shirt,316,0.0,0.0,0.0,0.0,
AL13,28.96,T-shirt,514,0.0,0.0,0.0,0.0,
AL13,28.96,T-shirt,542,0.0,0.0,0.0,0.0,
AL13,28.96,T-shirt,10,0.0,0.0,0.0,0.0,
AL13,28.96,T-shirt,229,0.0,0.0,0.0,0.0,
AL13,28.96,T-shirt,175,0.0,0.0,0.0,0.0,
AL13,21.59,Tank Top,10,0.0,0.0,0.0,0.0,
AL13,21.59,Tank Top,53,0.0,0.0,0.0,0.0,
AL13,21.59,Tank Top,54,0.0,0.0,0.0,0.0,
AL13,21.59,Tank Top,121,0.0,0.0,0.0,0.0,
AL13,21.59,Tank Top,195,0.0,0.0,0.0,0.0,
AL13,21.59,Tank Top,115,0.0,0.0,0.0,0.0,
AL13,21.59,Tank Top,454,0.0,0.0,0.0,0.0,
AL13,21.59,Tank Top,10,0.0,0.0,0.0,0.0,
AL13,21.59,Tank Top,21,0.0,0.0,0.0,0.0,
AL13,21.59,Tank Top,46,0.0,0.0,0.0,0.0,
AL13,21.59,Tank Top,116,0.0,0.0,0.0,0.0,
AL13,21.59,Tank Top,380,0.0,0.0,0.0,0.0,
AL13,21.59,Tank Top,202,0.0,0.0,0.0,0.0,
AL13,21.59,Tank Top,436,0.0,0.0,0.0,0.0,
AL13,21.59,Tank Top,456,0.0,0.0,0.0,0.0,
AL13,21.59,Tank Top,10,0.0,0.0,0.0,0.0,
AL13,21.59,Tank Top,11,0.0,0.0,0.0,0.0,
AL13,21.59,Tank Top,31,0.0,0.0,0.0,0.0,
AL13,21.59,Tank Top,76,0.0,0.0,0.0,0.0,
AL13,21.59,Tank Top,321,0.0,0.0,0.0,0.0,
AL13,21.59,Tank Top,263,0.0,0.0,0.0,0.0,
AL13,14.98,Tank Top,10,0.0,0.0,0.0,0.0,
AL13,14.98,Tank Top,21,0.0,0.0,0.0,0.0,
AL13,14.98,Tank Top,73,0.0,0.0,0.0,0.0,
AL13,14.98,Tank Top,116,0.0,0.0,0.0,0.0,
AL13,14.98,Tank Top,233,0.0,0.0,0.0,0.0,
AL13,14.98,Tank Top,241,0.0,0.0,0.0,0.0,
AL13,14.98,Tank Top,258,0.0,0.0,0.0,0.0,
AL13,14.98,Tank Top,748,0.0,0.0,0.0,0.0,
AL13,14.98,Tank Top,10,0.0,0.0,0.0,0.0,
AL13,14.98,Tank Top,39,0.0,0.0,0.0,0.0,
AL13,14.98,Tank Top,105,0.0,0.0,0.0,0.0,
AL13,14.98,Tank Top,101,0.0,0.0,0.0,0.0,
AL13,14.98,Tank Top,386,0.0,0.0,0.0,0.0,
AL13,14.98,Tank Top,440,0.0,0.0,0.0,0.0,
AL13,14.98,Tank Top,235,0.0,0.0,0.0,0.0,
AL13,14.98,Tank Top,10,0.0,0.0,0.0,0.0,
AL13,14.98,Tank Top,41,0.0,0.0,0.0,0.0,
AL13,14.98,Tank Top,170,0.0,0.0,0.0,0.0,
AL13,14.98,Tank Top,265,0.0,0.0,0.0,0.0,
AL13,14.98,Tank Top,164,0.0,0.0,0.0,0.0,
AL13,14.98,Tank Top,334,0.0,0.0,0.0,0.0,
AL13,16.84,T-shirt,15,0.0,0.0,0.0,0.0,
AL13,16.84,T-shirt,78,0.0,0.0,0.0,0.0,
AL13,16.84,T-shirt,224,0.0,0.0,0.0,0.0,
AL13,16.84,T-shirt,216,0.0,0.0,0.0,0.0,
AL13,16.84,T-shirt,91,0.0,0.0,0.0,0.0,
AL13,16.84,T-shirt,0,0.0,0.0,0.0,0.0,
AL13,16.84,T-shirt,0,0.0,0.0,0.0,0.0,
AL13,16.84,T-shirt,0,0.0,0.0,0.0,0.0,
AL13,16.84,T-shirt,0,0.0,0.0,0.0,0.0,
AL13,16.84,T-shirt,0,0.0,0.0,0.0,0.0,
AL13,16.84,T-shirt,0,0.0,0.0,0.0,0.0,
AL13,16.84,T-shirt,0,0.0,0.0,0.0,0.0,
AL13,16.84,T-shirt,0,0.0,0.0,0.0,0.0,
AL13,16.84,T-shirt,0,0.0,0.0,0.0,0.0,
AL13,16.84,T-shirt,0,0.0,0.0,0.0,0.0,
AL13,16.84,T-shirt,0,0.0,0.0,0.0,0.0,
AL13,16.84,T-shirt,0,0.0,0.0,0.0,0.0,
AL13,16.84,T-shirt,0,0.0,0.0,0.0,0.0,
AL13,16.84,T-shirt,0,0.0,0.0,0.0,0.0,
AL13,16.84,T-shirt,0,0.0,0.0,0.0,0.0,
AL13,16.84,T-shirt,0,0.0,0.0,0.0,0.0,
AL13,16.84,T-shirt,0,0.0,0.0,0.0,0.0,
AL13,16.84,T-shirt,0,0.0,0.0,0.0,0.0,
AL13,16.84,T-shirt,0,0.0,0.0,0.0,0.0,
AL13,16.84,T-shirt,0,0.0,0.0,0.0,0.0,
AL13,16.84,T-shirt,0,0.0,0.0,0.0,0.0,
AL13,16.84,T-shirt,0,0.0,0.0,0.0,0.0,
AL13,16.84,T-shirt,0,0.0,0.0,0.0,0.0,
AL13,16.84,T-shirt,0,0.0,0.0,0.0,0.0,
AL13,16.84,T-shirt,0,0.0,0.0,0.0,0.0,
AL13,16.84,T-shirt,0,0.0,0.0,0.0,0.0,
AL13,16.84,T-shirt,0,0.0,0.0,0.0,0.0,
AL13,16.84,T-shirt,0,0.0,0.0,0.0,0.0,
AL13,16.84,T-shirt,0,0.0,0.0,0.0,0.0,
AL13,16.84,T-shirt,0,0.0,0.0,0.0,0.0,
AL13,16.84,T-shirt,0,0.0,0.0,0.0,0.0,
AL13,16.84,T-shirt,0,0.0,0.0,0.0,0.0,
AL13,16.84,T-shirt,0,0.0,0.0,0.0,0.0,
AL13,16.84,T-shirt,0,0.0,0.0,0.0,0.0,
AL13,16.84,T-shirt,0,0.0,0.0,0.0,0.0,
AL13,16.84,T-shirt,0,0.0,0.0,0.0,0.0,
AL13,16.84,T-shirt,0,0.0,0.0,0.0,0.0,
AL13,16.84,T-shirt,0,0.0,0.0,0.0,0.0,
AL13,16.84,T-shirt,0,0.0,0.0,0.0,0.0,
AL13,16.84,T-shirt,0,0.0,0.0,0.0,0.0,
AL13,16.84,T-shirt,0,0.0,0.0,0.0,0.0,
AL13,16.84,T-shirt,0,0.0,0.0,0.0,0.0,
,0.0,,0,0.0,0.0,0.0,0.0,
AL13,7.98,,1837,0.0,0.0,0.0,0.0,
,0.0,,0,0.0,0.0,0.0,0.0,
,0.0,,0,0.0,0.0,0.0,0.0,
AL13,16.84,,125,0.0,0.0,0.0,0.0,
,0.0,,0,0.0,0.0,0.0,0.0,
,0.0,,0,0.0,0.0,0.0,0.0,
AL13,21.59,,161,0.0,0.0,0.0,0.0,
,0.0,,0,0.0,0.0,0.0,0.0,
,0.0,,0,0.0,0.0,0.0,0.0,
AL13,28.96,,199,0.0,0.0,0.0,0.0,
,0.0,,0,0.0,0.0,0.0,0.0,
,0.0,,0,0.0,0.0,0.0,0.0,
AL13,14.98,,190,0.0,0.0,0.0,0.0,
,0.0,,0,0.0,0.0,0.0,0.0,
,0.0,,0,0.0,0.0,0.0,0.0,
AL13,27.48,,207,0.0,0.0,0.0,0.0,
,0.0,,0,0.0,0.0,0.0,0.0,
,0.0,,0,0.0,0.0,0.0,0.0,
AL13,22.2,,205,0.0,0.0,0.0,0.0,
,0.0,,0,0.0,0.0,0.0,0.0,
AL15,7.98,T-shirt Baselayer,58,0.0,0.0,0.0,0.0,
AL15,7.98,T-shirt Baselayer,543,0.0,0.0,0.0,0.0,
AL15,7.98,T-shirt Baselayer,1207,0.0,0.0,0.0,0.0,
AL15,7.98,T-shirt Baselayer,1001,0.0,0.0,0.0,0.0,
AL15,14.46,T-shirt Baselayer,421,0.0,0.0,0.0,0.0,
AL15,14.46,T-shirt Baselayer,652,0.0,0.0,0.0,0.0,
AL15,14.46,T-shirt Baselayer,601,0.0,0.0,0.0,0.0,
AL15,9.9,T-shirt Baselayer,412,0.0,0.0,0.0,0.0,
AL15,9.9,T-shirt Baselayer,953,0.0,0.0,0.0,0.0,
AL15,9.9,T-shirt Baselayer,618,0.0,0.0,0.0,0.0,
AL15,12.34,Pant Baselayer,137,0.0,0.0,0.0,0.0,
AL15,12.34,Pant Baselayer,308,0.0,0.0,0.0,0.0,
AL15,12.34,Pant Baselayer,344,0.0,0.0,0.0,0.0,
AL15,22.88,Pant Baselayer,309,0.0,0.0,0.0,0.0,
AL15,21.8,Pant Baselayer,219,0.0,0.0,0.0,0.0,
AL15,6.15,Projections,19,0.0,0.0,0.0,0.0,
AL15,6.15,Projections,512,0.0,0.0,0.0,0.0,
AL15,6.15,Projections,810,0.0,0.0,0.0,0.0,
AL15,6.15,Projections,101,0.0,0.0,0.0,0.0,
AL15,6.15,Projections,75,0.0,0.0,0.0,0.0,
AL15,6.15,Projections,90,0.0,0.0,0.0,0.0,
AL15,6.15,Projections,14,0.0,0.0,0.0,0.0,
AL15,6.15,Projections,35,0.0,0.0,0.0,0.0,
AL15,6.15,Projections,132,0.0,0.0,0.0,0.0,
AL15,6.15,Projections,1284,0.0,0.0,0.0,0.0,
AL15,6.15,Projections,1366,0.0,0.0,0.0,0.0,
AL15,6.15,Projections,1670,0.0,0.0,0.0,0.0,
AL15,5.39,Boxer Boxer,13,0.0,0.0,0.0,0.0,
AL15,5.39,Boxer Boxer,621,0.0,0.0,0.0,0.0,
AL15,5.39,Boxer Boxer,90,0.0,0.0,0.0,0.0,
AL15,5.39,Boxer Boxer,74,0.0,0.0,0.0,0.0,
AL15,5.39,Boxer Boxer,37,0.0,0.0,0.0,0.0,
AL15,5.39,Boxer Boxer,90,0.0,0.0,0.0,0.0,
AL15,5.39,Boxer Boxer,53,0.0,0.0,0.0,0.0,
AL15,5.39,Boxer Boxer,678,0.0,0.0,0.0,0.0,
AL15,5.39,Boxer Boxer,53,0.0,0.0,0.0,0.0,
AL15,5.39,Boxer Boxer,54,0.0,0.0,0.0,0.0,
AL15,5.39,Boxer Boxer,37,0.0,0.0,0.0,0.0,
AL15,5.39,Boxer Boxer,13,0.0,0.0,0.0,0.0,
AL15,5.39,Boxer Boxer,886,0.0,0.0,0.0,0.0,
AL15,5.39,Boxer Boxer,1084,0.0,0.0,0.0,0.0,
AL15,5.39,Boxer Boxer,616,0.0,0.0,0.0,0.0,
AL15,5.39,Boxer Boxer,90,0.0,0.0,0.0,0.0,
AL15,5.39,Boxer Boxer,53,0.0,0.0,0.0,0.0,
AL15,5.39,Boxer Boxer,74,0.0,0.0,0.0,0.0,
AL15,5.39,Boxer Boxer,31,0.0,0.0,0.0,0.0,
AL15,5.39,Boxer Boxer,13,0.0,0.0,0.0,0.0,
AL15,5.39,Boxer Boxer,1006,0.0,0.0,0.0,0.0,
AL15,5.39,Boxer Boxer,12,0.0,0.0,0.0,0.0,
AL15,5.39,Boxer Boxer,188,0.0,0.0,0.0,0.0,
AL15,5.39,Boxer Boxer,458,0.0,0.0,0.0,0.0,
AL15,5.39,Boxer Boxer,523,0.0,0.0,0.0,0.0,
AL15,5.39,Boxer Boxer,641,0.0,0.0,0.0,0.0,
AL15,5.37,Boxer Boxer,410,0.0,0.0,0.0,0.0,
AL15,5.37,Boxer Boxer,500,0.0,0.0,0.0,0.0,
AL15,6.15,Projections,574,0.0,0.0,0.0,0.0,
AL15,6.15,Projections,100,0.0,0.0,0.0,0.0,
AL15,6.15,Projections,85,0.0,0.0,0.0,0.0,
AL15,6.15,Projections,24,0.0,0.0,0.0,0.0,
AL15,6.15,Projections,145,0.0,0.0,0.0,0.0,
AL15,6.15,Projections,12,0.0,0.0,0.0,0.0,
AL15,6.15,Projections,32,0.0,0.0,0.0,0.0,
AL15,6.15,Projections,312,0.0,0.0,0.0,0.0,
AL15,6.15,Projections,962,0.0,0.0,0.0,0.0,
,0.0,,0,0.0,0.0,0.0,0.0,
AL15,21.8,,219,0.0,0.0,0.0,0.0,
,0.0,,0,0.0,0.0,0.0,0.0,
,0.0,,0,0.0,0.0,0.0,0.0,
AL15,22.88,,309,0.0,0.0,0.0,0.0,
,0.0,,0,0.0,0.0,0.0,0.0,
,0.0,,0,0.0,0.0,0.0,0.0,
AL15,7.98,,755,0.0,0.0,0.0,0.0,
,0.0,,0,0.0,0.0,0.0,0.0,
,0.0,,0,0.0,0.0,0.0,0.0,
AL15,7.98,,543,0.0,0.0,0.0,0.0,
,0.0,,0,0.0,0.0,0.0,0.0,
,0.0,,0,0.0,0.0,0.0,0.0,
AL15,14.46,,558,0.0,0.0,0.0,0.0,
,0.0,,0,0.0,0.0,0.0,0.0,
,0.0,,0,0.0,0.0,0.0,0.0,
AL15,9.9,,661,0.0,0.0,0.0,0.0,
,0.0,,0,0.0,0.0,0.0,0.0,
,0.0,,0,0.0,0.0,0.0,0.0,
AL15,12.34,,263,0.0,0.0,0.0,0.0,
,0.0,,0,0.0,0.0,0.0,0.0,
,0.0,,0,0.0,0.0,0.0,0.0,
AL15,5.37,,455,0.0,0.0,0.0,0.0,
,0.0,,0,0.0,0.0,0.0,0.0,
,0.0,,0,0.0,0.0,0.0,0.0,
AL15,5.39,,288,0.0,0.0,0.0,0.0,
,0.0,,0,0.0,0.0,0.0,0.0,
,0.0,,0,0.0,0.0,0.0,0.0,
AL15,6.15,,398,0.0,0.0,0.0,0.0,
,0.0,,0,0.0,0.0,0.0,0.0,
AL16,7.98,T-shirt Baselayer,3,0.0,0.0,0.0,0.0,
AL16,7.98,T-shirt Baselayer,1267,0.0,0.0,0.0,0.0,
AL16,7.98,T-shirt Baselayer,1056,0.0,0.0,0.0,0.0,
AL16,7.98,T-shirt Baselayer,1476,0.0,0.0,0.0,0.0,
AL16,7.98,T-shirt Baselayer,798,0.0,0.0,0.0,0.0,
AL16,7.98,T-shirt Baselayer,1339,0.0,0.0,0.0,0.0,
AL16,13.98,Pant Baselayer,296,0.0,0.0,0.0,0.0,
AL16,13.98,Pant Baselayer,360,0.0,0.0,0.0,0.0,
AL16,13.98,Pant Baselayer,644,0.0,0.0,0.0,0.0,
AL16,14.09,Pant Baselayer,245,0.0,0.0,0.0,0.0,
AL16,14.09,Pant Baselayer,515,0.0,0.0,0.0,0.0,
AL16,14.09,Pant Baselayer,284,0.0,0.0,0.0,0.0,
AL16,5.39,Boxer Boxer,176,0.0,0.0,0.0,0.0,
AL16,5.39,Boxer Boxer,171,0.0,0.0,0.0,0.0,
AL16,5.37,Boxer Boxer,13,0.0,0.0,0.0,0.0,
AL16,5.37,Boxer Boxer,208,0.0,0.0,0.0,0.0,
AL16,5.37,Boxer Boxer,170,0.0,0.0,0.0,0.0,
AL16,5.37,Boxer Boxer,248,0.0,0.0,0.0,0.0,
AL16,5.37,Boxer Boxer,103,0.0,0.0,0.0,0.0,
AL16,5.37,Boxer Boxer,37,0.0,0.0,0.0,0.0,
AL16,5.37,Boxer Boxer,74,0.0,0.0,0.0,0.0,
AL16,5.37,Boxer Boxer,580,0.0,0.0,0.0,0.0,
AL16,5.37,Boxer Boxer,186,0.0,0.0,0.0,0.0,
AL16,5.37,Boxer Boxer,708,0.0,0.0,0.0,0.0,
AL16,5.37,Boxer Boxer,37,0.0,0.0,0.0,0.0,
AL16,5.37,Boxer Boxer,13,0.0,0.0,0.0,0.0,
AL16,5.37,Boxer Boxer,126,0.0,0.0,0.0,0.0,
AL16,5.37,Boxer Boxer,103,0.0,0.0,0.0,0.0,
AL16,5.37,Boxer Boxer,16,0.0,0.0,0.0,0.0,
AL16,5.37,Boxer Boxer,13,0.0,0.0,0.0,0.0,
AL16,5.37,Boxer Boxer,1182,0.0,0.0,0.0,0.0,
AL16,5.37,Boxer Boxer,724,0.0,0.0,0.0,0.0,
AL16,5.37,Boxer Boxer,503,0.0,0.0,0.0,0.0,
AL16,5.37,Boxer Boxer,308,0.0,0.0,0.0,0.0,
AL16,5.37,Boxer Boxer,12,0.0,0.0,0.0,0.0,
AL16,5.37,Boxer Boxer,892,0.0,0.0,0.0,0.0,
AL16,5.37,Boxer Boxer,544,0.0,0.0,0.0,0.0,
AL16,11.0,Projections,662,0.0,0.0,0.0,0.0,
AL16,11.0,Projections,828,0.0,0.0,0.0,0.0,
AL16,11.0,Projections,946,0.0,0.0,0.0,0.0,
,0.0,,0,0.0,0.0,0.0,0.0,
AL16,14.09,,348,0.0,0.0,0.0,0.0,
,0.0,,0,0.0,0.0,0.0,0.0,
,0.0,,0,0.0,0.0,0.0,0.0,
AL16,13.98,,434,0.0,0.0,0.0,0.0,
,0.0,,0,0.0,0.0,0.0,0.0,
,0.0,,0,0.0,0.0,0.0,0.0,
AL16,7.98,,1266,0.0,0.0,0.0,0.0,
,0.0,,0,0.0,0.0,0.0,0.0,
,0.0,,0,0.0,0.0,0.0,0.0,
AL16,7.98,,3,0.0,0.0,0.0,0.0,
,0.0,,0,0.0,0.0,0.0,0.0,
,0.0,,0,0.0,0.0,0.0,0.0,
AL16,7.98,,1069,0.0,0.0,0.0,0.0,
,0.0,,0,0.0,0.0,0.0,0.0,
,0.0,,0,0.0,0.0,0.0,0.0,
AL16,5.37,,296,0.0,0.0,0.0,0.0,
,0.0,,0,0.0,0.0,0.0,0.0,
,0.0,,0,0.0,0.0,0.0,0.0,
AL16,5.39,,174,0.0,0.0,0.0,0.0,
,0.0,,0,0.0,0.0,0.0,0.0,
,0.0,,0,0.0,0.0,0.0,0.0,
AL16,11.0,,812,0.0,0.0,0.0,0.0,
,0.0,,0,0.0,0.0,0.0,0.0,
,0.0,,0,0.0,0.0,0.0,0.0,
AL16,7.48,,447,0.0,0.0,0.0,0.0,
,0.0,,0,0.0,0.0,0.0,0.0,
AL17,13.11,Short Baselayer,42,0.0,0.0,0.0,0.0,
AL17,13.98,Pant Baselayer,89,0.0,0.0,0.0,0.0,
AL17,18.28,Tight Leggings,48,0.0,0.0,0.0,0.0,
AL17,18.28,Tight Leggings,10,0.0,0.0,0.0,0.0,
AL17,26.63,Tight Leggings,172,0.0,0.0,0.0,0.0,
AL17,26.63,Tight Leggings,515,0.0,0.0,0.0,0.0,
AL17,21.8,Pant Baselayer,361,0.0,0.0,0.0,0.0,
AL17,21.8,Pant Baselayer,258,0.0,0.0,0.0,0.0,
AL17,13.0,Projections,412,0.0,0.0,0.0,0.0,
AL17,24.75,Dress Dress,232,0.0,0.0,0.0,0.0,
AL17,24.75,Dress Dress,451,0.0,0.0,0.0,0.0,
AL17,24.75,Dress Dress,560,0.0,0.0,0.0,0.0,
AL17,24.75,Dress Dress,501,0.0,0.0,0.0,0.0,
AL17,24.75,Dress Dress,642,0.0,0.0,0.0,0.0,
AL17,24.75,Dress Dress,678,0.0,0.0,0.0,0.0,
AL17,19.2,Short Baselayer,558,0.0,0.0,0.0,0.0,
AL17,19.2,Short Baselayer,773,0.0,0.0,0.0,0.0,
AL17,19.2,Short Baselayer,1030,0.0,0.0,0.0,0.0,
AL17,19.2,Short Baselayer,945,0.0,0.0,0.0,0.0,
AL17,19.2,Normal Skirt Skort,985,0.0,0.0,0.0,0.0,
AL17,24.75,Dress Dress,520,0.0,0.0,0.0,0.0,
AL17,13.98,Pant Baselayer,258,0.0,0.0,0.0,0.0,
AL17,13.98,Pant Baselayer,343,0.0,0.0,0.0,0.0,
AL17,13.98,Pant Baselayer,1039,0.0,0.0,0.0,0.0,
AL17,7.98,T-shirt Baselayer,1833,0.0,0.0,0.0,0.0,
AL17,7.98,T-shirt Baselayer,1202,0.0,0.0,0.0,0.0,
AL17,7.98,T-shirt Baselayer,1957,0.0,0.0,0.0,0.0,
AL17,7.98,T-shirt Baselayer,1082,0.0,0.0,0.0,0.0,
AL17,7.98,T-shirt Baselayer,1906,0.0,0.0,0.0,0.0,
AL17,7.98,T-shirt Baselayer,1726,0.0,0.0,0.0,0.0,
AL17,7.98,T-shirt Baselayer,2575,0.0,0.0,0.0,0.0,
AL17,7.98,T-shirt Baselayer,2352,0.0,0.0,0.0,0.0,
AL17,7.98,T-shirt Baselayer,284,0.0,0.0,0.0,0.0,
AL17,7.98,T-shirt Baselayer,824,0.0,0.0,0.0,0.0,
AL17,7.98,T-shirt Baselayer,877,0.0,0.0,0.0,0.0,
AL17,7.98,T-shirt Baselayer,1108,0.0,0.0,0.0,0.0,
AL17,7.98,T-shirt Baselayer,412,0.0,0.0,0.0,0.0,
AL17,7.98,T-shirt Baselayer,1520,0.0,0.0,0.0,0.0,
AL17,7.98,T-shirt Baselayer,1288,0.0,0.0,0.0,0.0,
,0.0,,0,0.0,0.0,0.0,0.0,
AL17,26.63,,343,0.0,0.0,0.0,0.0,
,0.0,,0,0.0,0.0,0.0,0.0,
,0.0,,0,0.0,0.0,0.0,0.0,
AL17,18.28,,29,0.0,0.0,0.0,0.0,
,0.0,,0,0.0,0.0,0.0,0.0,
,0.0,,0,0.0,0.0,0.0,0.0,
AL17,21.8,,309,0.0,0.0,0.0,0.0,
,0.0,,0,0.0,0.0,0.0,0.0,
,0.0,,0,0.0,0.0,0.0,0.0,
AL17,13.98,,432,0.0,0.0,0.0,0.0,
,0.0,,0,0.0,0.0,0.0,0.0,
,0.0,,0,0.0,0.0,0.0,0.0,
AL17,7.98,,1833,0.0,0.0,0.0,0.0,
,0.0,,0,0.0,0.0,0.0,0.0,
,0.0,,0,0.0,0.0,0.0,0.0,
AL17,7.98,,1822,0.0,0.0,0.0,0.0,
,0.0,,0,0.0,0.0,0.0,0.0,
,0.0,,0,0.0,0.0,0.0,0.0,
AL17,7.98,,1837,0.0,0.0,0.0,0.0,
,0.0,,0,0.0,0.0,0.0,0.0,
,0.0,,0,0.0,0.0,0.0,0.0,
AL17,7.98,,1082,0.0,0.0,0.0,0.0,
,0.0,,0,0.0,0.0,0.0,0.0,
,0.0,,0,0.0,0.0,0.0,0.0,
AL17,7.98,,662,0.0,0.0,0.0,0.0,
,0.0,,0,0.0,0.0,0.0,0.0,
,0.0,,0,0.0,0.0,0.0,0.0,
AL17,13.11,,42,0.0,0.0,0.0,0.0,
,0.0,,0,0.0,0.0,0.0,0.0,
,0.0,,0,0.0,0.0,0.0,0.0,
AL17,19.2,,858,0.0,0.0,0.0,0.0,
,0.0,,0,0.0,0.0,0.0,0.0,
,0.0,,0,0.0,0.0,0.0,0.0,
AL17,24.75,,512,0.0,0.0,0.0,0.0,
,0.0,,0,0.0,0.0,0.0,0.0,
,0.0,,0,0.0,0.0,0.0,0.0,
AL17,13.0,,412,0.0,0.0,0.0,0.0,
,0.0,,0,0.0,0.0,0.0,0.0,
,0.0,,0,0.0,0.0,0.0,0.0,
AL17,15.5,,830,0.0,0.0,0.0,0.0,
,0.0,,0,0.0,0.0,0.0,0.0,
AL20,8.7,Boxer Boxer,22,0.0,0.0,0.0,0.0,
AL20,8.23,Boxer Boxer,29,0.0,0.0,0.0,0.0,
AL20,8.38,Boxer Boxer,124,0.0,0.0,0.0,0.0,
AL20,8.7,Boxer Boxer,400,0.0,0.0,0.0,0.0,
AL20,8.7,Boxer Boxer,1030,0.0,0.0,0.0,0.0,
AL20,8.23,Boxer Boxer,337,0.0,0.0,0.0,0.0,
AL20,7.98,T-shirt Baselayer,1082,0.0,0.0,0.0,0.0,
AL20,7.98,T-shirt Baselayer,1107,0.0,0.0,0.0,0.0,
AL20,7.98,T-shirt Baselayer,1305,0.0,0.0,0.0,0.0,
AL20,7.98,T-shirt Baselayer,1503,0.0,0.0,0.0,0.0,
AL20,7.98,T-shirt Baselayer,748,0.0,0.0,0.0,0.0,
AL20,7.98,T-shirt Baselayer,1279,0.0,0.0,0.0,0.0,
AL20,7.98,T-shirt Baselayer,276,0.0,0.0,0.0,0.0,
AL20,7.98,T-shirt Baselayer,1440,0.0,0.0,0.0,0.0,
AL20,7.98,T-shirt Baselayer,618,0.0,0.0,0.0,0.0,
AL20,7.98,T-shirt Baselayer,1236,0.0,0.0,0.0,0.0,
AL20,7.98,T-shirt Baselayer,284,0.0,0.0,0.0,0.0,
AL20,7.98,T-shirt Baselayer,1390,0.0,0.0,0.0,0.0,
AL20,7.98,T-shirt Baselayer,841,0.0,0.0,0.0,0.0,
AL20,7.98,T-shirt Baselayer,1751,0.0,0.0,0.0,0.0,
AL20,7.98,T-shirt Baselayer,1004,0.0,0.0,0.0,0.0,
AL20,7.98,T-shirt Baselayer,1202,0.0,0.0,0.0,0.0,
AL20,7.98,T-shirt Baselayer,824,0.0,0.0,0.0,0.0,
AL20,7.98,T-shirt Baselayer,773,0.0,0.0,0.0,0.0,
AL20,7.98,T-shirt Baselayer,412,0.0,0.0,0.0,0.0,
AL20,7.98,T-shirt Baselayer,1133,0.0,0.0,0.0,0.0,
AL20,7.98,T-shirt Baselayer,502,0.0,0.0,0.0,0.0,
AL20,7.98,T-shirt Baselayer,1184,0.0,0.0,0.0,0.0,
AL20,7.98,T-shirt Baselayer,979,0.0,0.0,0.0,0.0,
AL20,7.98,T-shirt Baselayer,772,0.0,0.0,0.0,0.0,
AL20,7.98,T-shirt Baselayer,953,0.0,0.0,0.0,0.0,
AL20,7.98,T-shirt Baselayer,1545,0.0,0.0,0.0,0.0,
AL20,7.98,T-shirt Baselayer,738,0.0,0.0,0.0,0.0,
AL20,7.98,T-shirt Baselayer,1442,0.0,0.0,0.0,0.0,
AL20,7.98,T-shirt Baselayer,850,0.0,0.0,0.0,0.0,
AL20,7.98,T-shirt Baselayer,978,0.0,0.0,0.0,0.0,
AL20,7.98,T-shirt Baselayer,1017,0.0,0.0,0.0,0.0,
AL20,7.98,T-shirt Baselayer,1627,0.0,0.0,0.0,0.0,
AL20,7.98,T-shirt Baselayer,876,0.0,0.0,0.0,0.0,
,0.0,,0,0.0,0.0,0.0,0.0,
AL20,8.7,,484,0.0,0.0,0.0,0.0,
,0.0,,0,0.0,0.0,0.0,0.0,
,0.0,,0,0.0,0.0,0.0,0.0,
AL20,8.38,,124,0.0,0.0,0.0,0.0,
,0.0,,0,0.0,0.0,0.0,0.0,
,0.0,,0,0.0,0.0,0.0,0.0,
AL20,8.23,,183,0.0,0.0,0.0,0.0,
,0.0,,0,0.0,0.0,0.0,0.0,
,0.0,,0,0.0,0.0,0.0,0.0,
AL20,7.98,,1083,0.0,0.0,0.0,0.0,
,0.0,,0,0.0,0.0,0.0,0.0,
,0.0,,0,0.0,0.0,0.0,0.0,
AL20,7.98,,1182,0.0,0.0,0.0,0.0,
,0.0,,0,0.0,0.0,0.0,0.0,
,0.0,,0,0.0,0.0,0.0,0.0,
AL20,7.98,,1010,0.0,0.0,0.0,0.0,
,0.0,,0,0.0,0.0,0.0,0.0,
,0.0,,0,0.0,0.0,0.0,0.0,
AL20,7.98,,980,0.0,0.0,0.0,0.0,
,0.0,,0,0.0,0.0,0.0,0.0,
,0.0,,0,0.0,0.0,0.0,0.0,
AL20,7.98,,705,0.0,0.0,0.0,0.0,
,0.0,,0,0.0,0.0,0.0,0.0,
,0.0,,0,0.0,0.0,0.0,0.0,
AL20,8.06,,913,0.0,0.0,0.0,0.0,
,0.0,,0,0.0,0.0,0.0,0.0,
AL21,10.95,T-shirt Baselayer,192,0.0,0.0,0.0,0.0,
AL21,14.86,T-shirt Baselayer,48,0.0,0.0,0.0,0.0,
AL21,13.93,T-shirt,144,0.0,0.0,0.0,0.0,
AL21,13.93,T-shirt,6,0.0,0.0,0.0,0.0,
AL21,13.93,T-shirt,33,0.0,0.0,0.0,0.0,
AL21,13.93,T-shirt,128,0.0,0.0,0.0,0.0,
AL21,13.93,T-shirt,147,0.0,0.0,0.0,0.0,
AL21,13.93,T-shirt,481,0.0,0.0,0.0,0.0,
AL21,13.93,T-shirt,111,0.0,0.0,0.0,0.0,
AL21,13.93,T-shirt,152,0.0,0.0,0.0,0.0,
AL21,13.93,T-shirt,277,0.0,0.0,0.0,0.0,
AL21,13.93,T-shirt,153,0.0,0.0,0.0,0.0,
AL21,13.93,T-shirt,6,0.0,0.0,0.0,0.0,
AL21,13.93,T-shirt,487,0.0,0.0,0.0,0.0,
AL21,13.93,T-shirt,6,0.0,0.0,0.0,0.0,
AL21,13.93,T-shirt,26,0.0,0.0,0.0,0.0,
AL21,13.93,T-shirt,6,0.0,0.0,0.0,0.0,
AL21,13.93,T-shirt,26,0.0,0.0,0.0,0.0,
AL21,13.93,T-shirt,6,0.0,0.0,0.0,0.0,
AL21,13.93,T-shirt,13,0.0,0.0,0.0,0.0,
AL21,13.93,T-shirt,612,0.0,0.0,0.0,0.0,
AL21,16.55,T-shirt Long sleeve,83,0.0,0.0,0.0,0.0,
AL21,15.99,Hoody Baselayer,360,0.0,0.0,0.0,0.0,
AL21,15.99,Hoody Baselayer,360,0.0,0.0,0.0,0.0,
AL21,15.99,Hoody Baselayer,360,0.0,0.0,0.0,0.0,
AL21,20.58,Tank Top Baselayer,378,0.0,0.0,0.0,0.0,
AL21,20.58,Tank Top Baselayer,566,0.0,0.0,0.0,0.0,
AL21,20.58,Tank Top Baselayer,567,0.0,0.0,0.0,0.0,
AL21,20.58,Tank Top Baselayer,696,0.0,0.0,0.0,0.0,
AL21,17.5,Tank Top Baselayer,412,0.0,0.0,0.0,0.0,
AL21,17.5,Tank Top Baselayer,515,0.0,0.0,0.0,0.0,
AL21,17.5,Tank Top Baselayer,772,0.0,0.0,0.0,0.0,
AL21,15.99,Hoody Baselayer,335,0.0,0.0,0.0,0.0,
AL21,15.99,Hoody Baselayer,464,0.0,0.0,0.0,0.0,
AL21,15.99,Hoody Baselayer,772,0.0,0.0,0.0,0.0,
AL21,13.93,T-shirt Crew neck,44,0.0,0.0,0.0,0.0,
AL21,13.93,T-shirt Crew neck,130,0.0,0.0,0.0,0.0,
AL21,13.93,T-shirt Crew neck,27,0.0,0.0,0.0,0.0,
AL21,13.93,T-shirt Crew neck,38,0.0,0.0,0.0,0.0,
AL21,13.93,T-shirt Crew neck,65,0.0,0.0,0.0,0.0,
AL21,13.93,T-shirt,612,0.0,0.0,0.0,0.0,
AL21,13.93,T-shirt Crew neck,265,0.0,0.0,0.0,0.0,
AL21,13.93,T-shirt Crew neck,295,0.0,0.0,0.0,0.0,
AL21,13.93,T-shirt Crew neck,25,0.0,0.0,0.0,0.0,
AL21,13.93,T-shirt Crew neck,105,0.0,0.0,0.0,0.0,
AL21,13.93,T-shirt Crew neck,139,0.0,0.0,0.0,0.0,
AL21,13.93,T-shirt Crew neck,284,0.0,0.0,0.0,0.0,
AL21,13.93,T-shirt Crew neck,277,0.0,0.0,0.0,0.0,
AL21,13.93,T-shirt Crew neck,735,0.0,0.0,0.0,0.0,
AL21,13.93,T-shirt Crew neck,60,0.0,0.0,0.0,0.0,
AL21,13.93,T-shirt Crew neck,60,0.0,0.0,0.0,0.0,
AL21,13.93,T-shirt Crew neck,97,0.0,0.0,0.0,0.0,
AL21,13.93,T-shirt Crew neck,263,0.0,0.0,0.0,0.0,
AL21,13.93,T-shirt Crew neck,356,0.0,0.0,0.0,0.0,
AL21,13.93,T-shirt Crew neck,210,0.0,0.0,0.0,0.0,
AL21,13.93,T-shirt Crew neck,30,0.0,0.0,0.0,0.0,
AL21,13.93,T-shirt Crew neck,355,0.0,0.0,0.0,0.0,
AL21,13.93,T-shirt Crew neck,883,0.0,0.0,0.0,0.0,
AL21,13.93,T-shirt Crew neck,97,0.0,0.0,0.0,0.0,
AL21,13.93,T-shirt Crew neck,158,0.0,0.0,0.0,0.0,
AL21,13.93,T-shirt Crew neck,309,0.0,0.0,0.0,0.0,
AL21,13.93,T-shirt Crew neck,184,0.0,0.0,0.0,0.0,
AL21,13.93,T-shirt Crew neck,420,0.0,0.0,0.0,0.0,
AL21,13.93,T-shirt Crew neck,97,0.0,0.0,0.0,0.0,
AL21,13.93,T-shirt Crew neck,210,0.0,0.0,0.0,0.0,
AL21,13.93,T-shirt Crew neck,356,0.0,0.0,0.0,0.0,
AL21,13.93,T-shirt Crew neck,184,0.0,0.0,0.0,0.0,
AL21,13.93,T-shirt Crew neck,53,0.0,0.0,0.0,0.0,
AL21,13.93,T-shirt Crew neck,525,0.0,0.0,0.0,0.0,
AL21,28.66,T-shirt,1,0.0,0.0,0.0,0.0,
AL21,28.66,T-shirt,8,0.0,0.0,0.0,0.0,
AL21,28.66,T-shirt,33,0.0,0.0,0.0,0.0,
AL21,28.66,T-shirt,40,0.0,0.0,0.0,0.0,
AL21,28.66,T-shirt,103,0.0,0.0,0.0,0.0,
AL21,28.66,T-shirt,109,0.0,0.0,0.0,0.0,
AL21,28.66,T-shirt,87,0.0,0.0,0.0,0.0,
AL21,28.66,T-shirt,390,0.0,0.0,0.0,0.0,
AL21,28.66,T-shirt,191,0.0,0.0,0.0,0.0,
AL21,28.66,T-shirt,107,0.0,0.0,0.0,0.0,
AL21,28.66,T-shirt,138,0.0,0.0,0.0,0.0,
AL21,28.66,T-shirt,167,0.0,0.0,0.0,0.0,
AL21,28.66,T-shirt,85,0.0,0.0,0.0,0.0,
AL21,28.66,T-shirt,234,0.0,0.0,0.0,0.0,
AL21,28.66,T-shirt,180,0.0,0.0,0.0,0.0,
AL21,28.66,T-shirt,454,0.0,0.0,0.0,0.0,
AL21,28.66,T-shirt,347,0.0,0.0,0.0,0.0,
AL21,28.66,T-shirt,10,0.0,0.0,0.0,0.0,
AL21,28.66,T-shirt,23,0.0,0.0,0.0,0.0,
AL21,28.66,T-shirt,54,0.0,0.0,0.0,0.0,
AL21,28.66,T-shirt,96,0.0,0.0,0.0,0.0,
AL21,28.66,T-shirt,108,0.0,0.0,0.0,0.0,
AL21,28.66,T-shirt,209,0.0,0.0,0.0,0.0,
AL21,28.66,T-shirt,111,0.0,0.0,0.0,0.0,
AL21,28.66,T-shirt,266,0.0,0.0,0.0,0.0,
AL21,28.66,T-shirt,182,0.0,0.0,0.0,0.0,
AL21,28.66,T-shirt,462,0.0,0.0,0.0,0.0,
AL21,28.66,T-shirt,10,0.0,0.0,0.0,0.0,
AL21,28.66,T-shirt,53,0.0,0.0,0.0,0.0,
AL21,28.66,T-shirt,152,0.0,0.0,0.0,0.0,
AL21,28.66,T-shirt,134,0.0,0.0,0.0,0.0,
AL21,28.66,T-shirt,270,0.0,0.0,0.0,0.0,
AL21,28.66,T-shirt,312,0.0,0.0,0.0,0.0,
AL21,28.66,T-shirt,226,0.0,0.0,0.0,0.0,
AL21,28.66,T-shirt,320,0.0,0.0,0.0,0.0,
AL21,28.66,T-shirt,329,0.0,0.0,0.0,0.0,
AL21,28.66,T-shirt,372,0.0,0.0,0.0,0.0,
AL21,28.66,T-shirt,10,0.0,0.0,0.0,0.0,
AL21,28.66,T-shirt,5,0.0,0.0,0.0,0.0,
AL21,28.66,T-shirt,5,0.0,0.0,0.0,0.0,
AL21,28.66,T-shirt,57,0.0,0.0,0.0,0.0,
AL21,28.66,T-shirt,128,0.0,0.0,0.0,0.0,
AL21,28.66,T-shirt,131,0.0,0.0,0.0,0.0,
AL21,28.66,T-shirt,167,0.0,0.0,0.0,0.0,
AL21,28.66,T-shirt,173,0.0,0.0,0.0,0.0,
AL21,28.66,T-shirt,463,0.0,0.0,0.0,0.0,
AL21,28.66,T-shirt,0,0.0,0.0,0.0,0.0,
AL21,28.66,T-shirt,0,0.0,0.0,0.0,0.0,
AL21,28.66,T-shirt,0,0.0,0.0,0.0,0.0,
AL21,28.66,T-shirt,0,0.0,0.0,0.0,0.0,
AL21,28.66,T-shirt,0,0.0,0.0,0.0,0.0,
AL21,28.66,T-shirt,0,0.0,0.0,0.0,0.0,
AL21,28.66,T-shirt,0,0.0,0.0,0.0,0.0,
AL21,28.66,T-shirt,0,0.0,0.0,0.0,0.0,
AL21,28.66,T-shirt,0,0.0,0.0,0.0,0.0,
AL21,28.66,T-shirt,0,0.0,0.0,0.0,0.0,
AL21,28.66,T-shirt,0,0.0,0.0,0.0,0.0,
AL21,28.66,T-shirt,0,0.0,0.0,0.0,0.0,
AL21,28.66,T-shirt,0,0.0,0.0,0.0,0.0,
AL21,28.66,T-shirt,0,0.0,0.0,0.0,0.0,
AL21,28.66,T-shirt,0,0.0,0.0,0.0,0.0,
AL21,28.66,T-shirt,0,0.0,0.0,0.0,0.0,
AL21,28.66,T-shirt,0,0.0,0.0,0.0,0.0,
AL21,28.66,T-shirt,0,0.0,0.0,0.0,0.0,
AL21,28.66,T-shirt,0,0.0,0.0,0.0,0.0,
AL21,28.66,T-shirt,0,0.0,0.0,0.0,0.0,
AL21,28.66,T-shirt,0,0.0,0.0,0.0,0.0,
AL21,28.66,T-shirt,0,0.0,0.0,0.0,0.0,
AL21,28.66,T-shirt,0,0.0,0.0,0.0,0.0,
,0.0,,0,0.0,0.0,0.0,0.0,
AL21,15.99,,442,0.0,0.0,0.0,0.0,
,0.0,,0,0.0,0.0,0.0,0.0,
,0.0,,0,0.0,0.0,0.0,0.0,
AL21,14.86,,48,0.0,0.0,0.0,0.0,
,0.0,,0,0.0,0.0,0.0,0.0,
,0.0,,0,0.0,0.0,0.0,0.0,
AL21,10.95,,192,0.0,0.0,0.0,0.0,
,0.0,,0,0.0,0.0,0.0,0.0,
,0.0,,0,0.0,0.0,0.0,0.0,
AL21,17.5,,566,0.0,0.0,0.0,0.0,
,0.0,,0,0.0,0.0,0.0,0.0,
,0.0,,0,0.0,0.0,0.0,0.0,
AL21,20.58,,552,0.0,0.0,0.0,0.0,
,0.0,,0,0.0,0.0,0.0,0.0,
,0.0,,0,0.0,0.0,0.0,0.0,
AL21,16.55,,83,0.0,0.0,0.0,0.0,
,0.0,,0,0.0,0.0,0.0,0.0,
,0.0,,0,0.0,0.0,0.0,0.0,
AL21,13.93,,227,0.0,0.0,0.0,0.0,
,0.0,,0,0.0,0.0,0.0,0.0,
,0.0,,0,0.0,0.0,0.0,0.0,
AL21,13.93,,14,0.0,0.0,0.0,0.0,
,0.0,,0,0.0,0.0,0.0,0.0,
,0.0,,0,0.0,0.0,0.0,0.0,
AL21,28.66,,163,0.0,0.0,0.0,0.0,
,0.0,,0,0.0,0.0,0.0,0.0,
AL22,13.93,T-shirt,346,0.0,0.0,0.0,0.0,
AL22,13.93,T-shirt,296,0.0,0.0,0.0,0.0,
AL22,17.35,T-shirt,5,0.0,0.0,0.0,0.0,
AL22,13.93,T-shirt,518,0.0,0.0,0.0,0.0,
AL22,13.93,T-shirt,6,0.0,0.0,0.0,0.0,
AL22,13.93,T-shirt,435,0.0,0.0,0.0,0.0,
AL22,13.93,T-shirt,196,0.0,0.0,0.0,0.0,
AL22,13.93,T-shirt,181,0.0,0.0,0.0,0.0,
AL22,13.93,T-shirt,314,0.0,0.0,0.0,0.0,
AL22,13.93,T-shirt,480,0.0,0.0,0.0,0.0,
AL22,13.93,T-shirt,1,0.0,0.0,0.0,0.0,
AL22,13.93,T-shirt,156,0.0,0.0,0.0,0.0,
AL22,13.93,T-shirt,602,0.0,0.0,0.0,0.0,
,0.0,,0,0.0,0.0,0.0,0.0,
AL22,17.35,,5,0.0,0.0,0.0,0.0,
,0.0,,0,0.0,0.0,0.0,0.0,
,0.0,,0,0.0,0.0,0.0,0.0,
AL22,13.93,,294,0.0,0.0,0.0,0.0,
,0.0,,0,0.0,0.0,0.0,0.0,
,0.0,,0,0.0,0.0,0.0,0.0,
AL22,14.19,,272,0.0,0.0,0.0,0.0,
,0.0,,0,0.0,0.0,0.0,0.0,
AL23,14.92,T-shirt Baselayer,611,0.0,0.0,0.0,0.0,
AL23,14.92,T-shirt Baselayer,3,0.0,0.0,0.0,0.0,
AL23,14.92,T-shirt Baselayer,144,0.0,0.0,0.0,0.0,
AL23,20.59,T-shirt,84,0.0,0.0,0.0,0.0,
AL23,20.59,T-shirt,36,0.0,0.0,0.0,0.0,
AL23,20.59,T-shirt,13,0.0,0.0,0.0,0.0,
AL23,20.59,T-shirt,155,0.0,0.0,0.0,0.0,
AL23,20.59,T-shirt,76,0.0,0.0,0.0,0.0,
AL23,20.59,T-shirt,210,0.0,0.0,0.0,0.0,
AL23,20.59,T-shirt,6,0.0,0.0,0.0,0.0,
AL23,20.59,T-shirt,8,0.0,0.0,0.0,0.0,
AL23,20.59,T-shirt,50,0.0,0.0,0.0,0.0,
AL23,20.59,T-shirt,16,0.0,0.0,0.0,0.0,
AL23,20.59,T-shirt,137,0.0,0.0,0.0,0.0,
AL23,20.59,T-shirt,157,0.0,0.0,0.0,0.0,
AL23,20.59,T-shirt,479,0.0,0.0,0.0,0.0,
AL23,20.81,T-shirt,6,0.0,0.0,0.0,0.0,
AL23,20.81,T-shirt,147,0.0,0.0,0.0,0.0,
AL23,20.81,T-shirt,6,0.0,0.0,0.0,0.0,
AL23,20.81,T-shirt,76,0.0,0.0,0.0,0.0,
AL23,20.81,T-shirt,6,0.0,0.0,0.0,0.0,
AL23,20.81,T-shirt,38,0.0,0.0,0.0,0.0,
AL23,20.59,T-shirt,25,0.0,0.0,0.0,0.0,
AL23,20.59,T-shirt,84,0.0,0.0,0.0,0.0,
AL23,20.59,T-shirt,6,0.0,0.0,0.0,0.0,
AL23,20.59,T-shirt,158,0.0,0.0,0.0,0.0,
AL23,20.59,T-shirt,272,0.0,0.0,0.0,0.0,
AL23,20.59,T-shirt,184,0.0,0.0,0.0,0.0,
AL23,20.59,T-shirt,479,0.0,0.0,0.0,0.0,
AL23,20.59,T-shirt Polo,66,0.0,0.0,0.0,0.0,
AL23,20.59,T-shirt Polo,34,0.0,0.0,0.0,0.0,
AL23,20.59,T-shirt Polo,76,0.0,0.0,0.0,0.0,
AL23,13.77,Tank Top Baselayer,38,0.0,0.0,0.0,0.0,
AL23,13.77,Tank Top Baselayer,74,0.0,0.0,0.0,0.0,
AL23,11.34,T-shirt Crew neck,44,0.0,0.0,0.0,0.0,
AL23,18.44,T-shirt Polo,44,0.0,0.0,0.0,0.0,
AL23,18.44,T-shirt Polo,34,0.0,0.0,0.0,0.0,
AL23,16.57,T-shirt Baselayer,682,0.0,0.0,0.0,0.0,
AL23,26.27,Jacket Baselayer,326,0.0,0.0,0.0,0.0,
AL23,26.27,Jacket Baselayer,618,0.0,0.0,0.0,0.0,
AL23,19.13,T-shirt Baselayer,361,0.0,0.0,0.0,0.0,
AL23,19.13,T-shirt Baselayer,309,0.0,0.0,0.0,0.0,
AL23,19.13,T-shirt Baselayer,515,0.0,0.0,0.0,0.0,
AL23,26.27,Jacket Baselayer,403,0.0,0.0,0.0,0.0,
AL23,26.27,Jacket Baselayer,458,0.0,0.0,0.0,0.0,
AL23,14.92,T-shirt Baselayer,348,0.0,0.0,0.0,0.0,
AL23,14.92,T-shirt Baselayer,490,0.0,0.0,0.0,0.0,
AL23,14.92,T-shirt Baselayer,360,0.0,0.0,0.0,0.0,
AL23,14.92,T-shirt Baselayer,438,0.0,0.0,0.0,0.0,
AL23,16.84,T-shirt,30,0.0,0.0,0.0,0.0,
AL23,16.84,T-shirt,80,0.0,0.0,0.0,0.0,
AL23,16.84,T-shirt,88,0.0,0.0,0.0,0.0,
AL23,16.84,T-shirt,138,0.0,0.0,0.0,0.0,
AL23,16.84,T-shirt,310,0.0,0.0,0.0,0.0,
AL23,16.84,T-shirt,178,0.0,0.0,0.0,0.0,
AL23,16.84,T-shirt,202,0.0,0.0,0.0,0.0,
AL23,16.84,T-shirt,448,0.0,0.0,0.0,0.0,
AL23,16.84,T-shirt,319,0.0,0.0,0.0,0.0,
AL23,16.84,T-shirt,379,0.0,0.0,0.0,0.0,
AL23,16.84,T-shirt,738,0.0,0.0,0.0,0.0,
AL23,16.84,T-shirt,125,0.0,0.0,0.0,0.0,
AL23,16.84,T-shirt,191,0.0,0.0,0.0,0.0,
AL23,16.84,T-shirt,444,0.0,0.0,0.0,0.0,
AL23,16.84,T-shirt,238,0.0,0.0,0.0,0.0,
AL23,16.84,T-shirt,260,0.0,0.0,0.0,0.0,
AL23,16.84,T-shirt,571,0.0,0.0,0.0,0.0,
AL23,16.84,T-shirt,387,0.0,0.0,0.0,0.0,
AL23,15.45,Tank Top,10,0.0,0.0,0.0,0.0,
AL23,15.45,Tank Top,178,0.0,0.0,0.0,0.0,
AL23,15.45,Tank Top,144,0.0,0.0,0.0,0.0,
AL23,15.45,Tank Top,366,0.0,0.0,0.0,0.0,
AL23,15.45,Tank Top,529,0.0,0.0,0.0,0.0,
AL23,15.45,Tank Top,514,0.0,0.0,0.0,0.0,
AL23,15.45,Tank Top,10,0.0,0.0,0.0,0.0,
AL23,15.45,Tank Top,127,0.0,0.0,0.0,0.0,
AL23,15.45,Tank Top,286,0.0,0.0,0.0,0.0,
AL23,15.45,Tank Top,293,0.0,0.0,0.0,0.0,
AL23,15.45,Tank Top,651,0.0,0.0,0.0,0.0,
AL23,15.45,Tank Top,432,0.0,0.0,0.0,0.0,
AL23,15.45,Tank Top,10,0.0,0.0,0.0,0.0,
AL23,15.45,Tank Top,97,0.0,0.0,0.0,0.0,
AL23,15.45,Tank Top,104,0.0,0.0,0.0,0.0,
AL23,15.45,Tank Top,237,0.0,0.0,0.0,0.0,
AL23,15.45,Tank Top,327,0.0,0.0,0.0,0.0,
AL23,15.45,Tank Top,254,0.0,0.0,0.0,0.0,
AL23,16.84,T-shirt,125,0.0,0.0,0.0,0.0,
AL23,16.84,T-shirt,446,0.0,0.0,0.0,0.0,
AL23,16.84,T-shirt,22,0.0,0.0,0.0,0.0,
AL23,16.84,T-shirt,0,0.0,0.0,0.0,0.0,
AL23,16.84,T-shirt,0,0.0,0.0,0.0,0.0,
AL23,16.84,T-shirt,0,0.0,0.0,0.0,0.0,
AL23,16.84,T-shirt,0,0.0,0.0,0.0,0.0,
AL23,16.84,T-shirt,0,0.0,0.0,0.0,0.0,
AL23,16.84,T-shirt,0,0.0,0.0,0.0,0.0,
AL23,16.84,T-shirt,0,0.0,0.0,0.0,0.0,
AL23,16.84,T-shirt,0,0.0,0.0,0.0,0.0,
AL23,16.84,T-shirt,0,0.0,0.0,0.0,0.0,
AL23,16.84,T-shirt,0,0.0,0.0,0.0,0.0,
AL23,16.84,T-shirt,0,0.0,0.0,0.0,0.0,
AL23,16.84,T-shirt,0,0.0,0.0,0.0,0.0,
AL23,16.84,T-shirt,0,0.0,0.0,0.0,0.0,
AL23,16.84,T-shirt,0,0.0,0.0,0.0,0.0,
AL23,16.84,T-shirt,0,0.0,0.0,0.0,0.0,
,0.0,,0,0.0,0.0,0.0,0.0,
AL23,14.92,,342,0.0,0.0,0.0,0.0,
,0.0,,0,0.0,0.0,0.0,0.0,
,0.0,,0,0.0,0.0,0.0,0.0,
AL23,19.13,,395,0.0,0.0,0.0,0.0,
,0.0,,0,0.0,0.0,0.0,0.0,
,0.0,,0,0.0,0.0,0.0,0.0,
AL23,16.57,,682,0.0,0.0,0.0,0.0,
,0.0,,0,0.0,0.0,0.0,0.0,
,0.0,,0,0.0,0.0,0.0,0.0,
AL23,26.27,,452,0.0,0.0,0.0,0.0,
,0.0,,0,0.0,0.0,0.0,0.0,
,0.0,,0,0.0,0.0,0.0,0.0,
AL23,18.44,,44,0.0,0.0,0.0,0.0,
,0.0,,0,0.0,0.0,0.0,0.0,
,0.0,,0,0.0,0.0,0.0,0.0,
AL23,18.44,,34,0.0,0.0,0.0,0.0,
,0.0,,0,0.0,0.0,0.0,0.0,
,0.0,,0,0.0,0.0,0.0,0.0,
AL23,20.81,,46,0.0,0.0,0.0,0.0,
,0.0,,0,0.0,0.0,0.0,0.0,
,0.0,,0,0.0,0.0,0.0,0.0,
AL23,20.59,,122,0.0,0.0,0.0,0.0,
,0.0,,0,0.0,0.0,0.0,0.0,
,0.0,,0,0.0,0.0,0.0,0.0,
AL23,13.77,,56,0.0,0.0,0.0,0.0,
,0.0,,0,0.0,0.0,0.0,0.0,
,0.0,,0,0.0,0.0,0.0,0.0,
AL23,11.34,,44,0.0,0.0,0.0,0.0,
,0.0,,0,0.0,0.0,0.0,0.0,
,0.0,,0,0.0,0.0,0.0,0.0,
AL23,16.84,,272,0.0,0.0,0.0,0.0,
,0.0,,0,0.0,0.0,0.0,0.0,
,0.0,,0,0.0,0.0,0.0,0.0,
AL23,15.45,,254,0.0,0.0,0.0,0.0,
,0.0,,0,0.0,0.0,0.0,0.0,
,0.0,,0,0.0,0.0,0.0,0.0,
AL23,17.88,,224,0.0,0.0,0.0,0.0,
,0.0,,0,0.0,0.0,0.0,0.0,
AL25,18.01,T-shirt,189,0.0,0.0,0.0,0.0,
AL25,18.01,T-shirt,10,0.0,0.0,0.0,0.0,
AL25,18.01,T-shirt,766,0.0,0.0,0.0,0.0,
AL25,18.01,T-shirt,78,0.0,0.0,0.0,0.0,
AL25,18.01,T-shirt,857,0.0,0.0,0.0,0.0,
AL25,18.01,T-shirt,380,0.0,0.0,0.0,0.0,
AL25,16.84,T-shirt,1196,0.0,0.0,0.0,0.0,
AL25,16.84,T-shirt,779,0.0,0.0,0.0,0.0,
AL25,14.39,T-shirt Baselayer,412,0.0,0.0,0.0,0.0,
AL25,14.39,T-shirt Baselayer,412,0.0,0.0,0.0,0.0,
AL25,14.49,T-shirt Baselayer,670,0.0,0.0,0.0,0.0,
AL25,14.49,T-shirt Baselayer,618,0.0,0.0,0.0,0.0,
AL25,14.49,T-shirt Baselayer,567,0.0,0.0,0.0,0.0,
AL25,14.49,T-shirt Baselayer,773,0.0,0.0,0.0,0.0,
AL25,14.39,T-shirt Baselayer,387,0.0,0.0,0.0,0.0,
AL25,14.39,T-shirt Baselayer,1545,0.0,0.0,0.0,0.0,
AL25,14.39,T-shirt Baselayer,721,0.0,0.0,0.0,0.0,
AL25,16.14,T-shirt Baselayer,464,0.0,0.0,0.0,0.0,
AL25,16.14,T-shirt Baselayer,566,0.0,0.0,0.0,0.0,
AL25,15.72,T-shirt Baselayer,258,0.0,0.0,0.0,0.0,
AL25,15.72,T-shirt Baselayer,772,0.0,0.0,0.0,0.0,
AL25,15.91,T-shirt Baselayer,515,0.0,0.0,0.0,0.0,
AL25,15.91,T-shirt Baselayer,516,0.0,0.0,0.0,0.0,
AL25,15.91,T-shirt Baselayer,515,0.0,0.0,0.0,0.0,
AL25,14.48,T-shirt Baselayer,284,0.0,0.0,0.0,0.0,
AL25,14.48,T-shirt Baselayer,927,0.0,0.0,0.0,0.0,
AL25,14.48,T-shirt Baselayer,284,0.0,0.0,0.0,0.0,
AL25,14.39,T-shirt Baselayer,515,0.0,0.0,0.0,0.0,
AL25,14.39,T-shirt Baselayer,515,0.0,0.0,0.0,0.0,
AL25,14.39,T-shirt Baselayer,258,0.0,0.0,0.0,0.0,
AL25,14.39,T-shirt Baselayer,618,0.0,0.0,0.0,0.0,
AL25,14.39,T-shirt Baselayer,425,0.0,0.0,0.0,0.0,
AL25,14.39,T-shirt Baselayer,953,0.0,0.0,0.0,0.0,
AL25,14.39,T-shirt Baselayer,464,0.0,0.0,0.0,0.0,
AL25,16.14,T-shirt Baselayer,464,0.0,0.0,0.0,0.0,
AL25,16.14,T-shirt Baselayer,515,0.0,0.0,0.0,0.0,
AL25,16.14,T-shirt Baselayer,348,0.0,0.0,0.0,0.0,
AL25,16.31,T-shirt Baselayer,377,0.0,0.0,0.0,0.0,
AL25,16.31,T-shirt Baselayer,514,0.0,0.0,0.0,0.0,
AL25,16.31,T-shirt Baselayer,464,0.0,0.0,0.0,0.0,
AL25,14.7,Tank Top Baselayer,515,0.0,0.0,0.0,0.0,
AL25,14.7,Tank Top Baselayer,412,0.0,0.0,0.0,0.0,
AL25,14.7,Tank Top Baselayer,258,0.0,0.0,0.0,0.0,
AL25,14.7,Tank Top Baselayer,515,0.0,0.0,0.0,0.0,
AL25,18.4,Jacket Baselayer,172,0.0,0.0,0.0,0.0,
AL25,18.4,Jacket Baselayer,515,0.0,0.0,0.0,0.0,
AL25,18.4,Jacket Baselayer,360,0.0,0.0,0.0,0.0,
AL25,17.78,Jacket Baselayer,275,0.0,0.0,0.0,0.0,
AL25,17.78,Jacket Baselayer,360,0.0,0.0,0.0,0.0,
AL25,17.78,Jacket Baselayer,424,0.0,0.0,0.0,0.0,
AL25,15.91,T-shirt Baselayer,565,0.0,0.0,0.0,0.0,
AL25,15.91,T-shirt Baselayer,258,0.0,0.0,0.0,0.0,
AL25,15.91,T-shirt Baselayer,490,0.0,0.0,0.0,0.0,
AL25,15.72,T-shirt Baselayer,361,0.0,0.0,0.0,0.0,
AL25,15.72,T-shirt Baselayer,515,0.0,0.0,0.0,0.0,
AL25,15.72,T-shirt Baselayer,825,0.0,0.0,0.0,0.0,
AL25,14.48,T-shirt Baselayer,258,0.0,0.0,0.0,0.0,
AL25,14.48,T-shirt Baselayer,566,0.0,0.0,0.0,0.0,
AL25,14.48,T-shirt Baselayer,270,0.0,0.0,0.0,0.0,
AL25,14.49,T-shirt Baselayer,824,0.0,0.0,0.0,0.0,
AL25,14.49,T-shirt Baselayer,399,0.0,0.0,0.0,0.0,
AL25,14.49,T-shirt Baselayer,515,0.0,0.0,0.0,0.0,
AL25,14.49,T-shirt Baselayer,438,0.0,0.0,0.0,0.0,
AL25,14.39,T-shirt Baselayer,618,0.0,0.0,0.0,0.0,
AL25,14.39,T-shirt Baselayer,322,0.0,0.0,0.0,0.0,
AL25,14.39,T-shirt Baselayer,721,0.0,0.0,0.0,0.0,
AL25,14.39,T-shirt Baselayer,515,0.0,0.0,0.0,0.0,
AL25,18.01,T-shirt,20,0.0,0.0,0.0,0.0,
AL25,18.01,T-shirt,49,0.0,0.0,0.0,0.0,
AL25,18.01,T-shirt,72,0.0,0.0,0.0,0.0,
AL25,18.01,T-shirt,136,0.0,0.0,0.0,0.0,
AL25,18.01,T-shirt,157,0.0,0.0,0.0,0.0,
AL25,18.01,T-shirt,202,0.0,0.0,0.0,0.0,
AL25,18.01,T-shirt,469,0.0,0.0,0.0,0.0,
AL25,18.01,T-shirt,291,0.0,0.0,0.0,0.0,
AL25,18.01,T-shirt,294,0.0,0.0,0.0,0.0,
AL25,18.01,T-shirt,526,0.0,0.0,0.0,0.0,
AL25,18.01,T-shirt,50,0.0,0.0,0.0,0.0,
AL25,18.01,T-shirt,64,0.0,0.0,0.0,0.0,
AL25,18.01,T-shirt,74,0.0,0.0,0.0,0.0,
AL25,18.01,T-shirt,219,0.0,0.0,0.0,0.0,
AL25,18.01,T-shirt,330,0.0,0.0,0.0,0.0,
AL25,18.01,T-shirt,178,0.0,0.0,0.0,0.0,
AL25,18.01,T-shirt,450,0.0,0.0,0.0,0.0,
AL25,18.01,T-shirt,363,0.0,0.0,0.0,0.0,
AL25,18.01,T-shirt,19,0.0,0.0,0.0,0.0,
AL25,18.01,T-shirt,128,0.0,0.0,0.0,0.0,
AL25,18.01,T-shirt,69,0.0,0.0,0.0,0.0,
AL25,18.01,T-shirt,141,0.0,0.0,0.0,0.0,
AL25,18.01,T-shirt,188,0.0,0.0,0.0,0.0,
AL25,18.01,T-shirt,279,0.0,0.0,0.0,0.0,
AL25,18.01,T-shirt,192,0.0,0.0,0.0,0.0,
AL25,18.01,T-shirt,516,0.0,0.0,0.0,0.0,
AL25,16.84,T-shirt,366,0.0,0.0,0.0,0.0,
AL25,14.49,T-shirt Baselayer,361,0.0,0.0,0.0,0.0,
AL25,14.49,T-shirt Baselayer,463,0.0,0.0,0.0,0.0,
AL25,14.49,T-shirt Baselayer,811,0.0,0.0,0.0,0.0,
AL25,14.39,T-shirt Baselayer,567,0.0,0.0,0.0,0.0,
AL25,14.39,T-shirt Baselayer,138,0.0,0.0,0.0,0.0,
AL25,14.39,T-shirt Baselayer,0,0.0,0.0,0.0,0.0,
AL25,14.39,T-shirt Baselayer,0,0.0,0.0,0.0,0.0,
AL25,29.4,T-shirt,0,0.0,0.0,0.0,0.0,
AL25,29.4,T-shirt,0,0.0,0.0,0.0,0.0,
AL25,29.4,T-shirt,0,0.0,0.0,0.0,0.0,
AL25,29.4,T-shirt,0,0.0,0.0,0.0,0.0,
AL25,29.4,T-shirt,0,0.0,0.0,0.0,0.0,
AL25,29.4,T-shirt,0,0.0,0.0,0.0,0.0,
AL25,29.4,T-shirt,0,0.0,0.0,0.0,0.0,
,0.0,,0,0.0,0.0,0.0,0.0,
AL25,17.78,,353,0.0,0.0,0.0,0.0,
,0.0,,0,0.0,0.0,0.0,0.0,
,0.0,,0,0.0,0.0,0.0,0.0,
AL25,18.4,,349,0.0,0.0,0.0,0.0,
,0.0,,0,0.0,0.0,0.0,0.0,
,0.0,,0,0.0,0.0,0.0,0.0,
AL25,15.72,,546,0.0,0.0,0.0,0.0,
,0.0,,0,0.0,0.0,0.0,0.0,
,0.0,,0,0.0,0.0,0.0,0.0,
AL25,15.91,,476,0.0,0.0,0.0,0.0,
,0.0,,0,0.0,0.0,0.0,0.0,
,0.0,,0,0.0,0.0,0.0,0.0,
AL25,14.49,,585,0.0,0.0,0.0,0.0,
,0.0,,0,0.0,0.0,0.0,0.0,
,0.0,,0,0.0,0.0,0.0,0.0,
AL25,14.48,,431,0.0,0.0,0.0,0.0,
,0.0,,0,0.0,0.0,0.0,0.0,
,0.0,,0,0.0,0.0,0.0,0.0,
AL25,16.14,,471,0.0,0.0,0.0,0.0,
,0.0,,0,0.0,0.0,0.0,0.0,
,0.0,,0,0.0,0.0,0.0,0.0,
AL25,14.39,,572,0.0,0.0,0.0,0.0,
,0.0,,0,0.0,0.0,0.0,0.0,
,0.0,,0,0.0,0.0,0.0,0.0,
AL25,14.39,,533,0.0,0.0,0.0,0.0,
,0.0,,0,0.0,0.0,0.0,0.0,
,0.0,,0,0.0,0.0,0.0,0.0,
AL25,16.31,,452,0.0,0.0,0.0,0.0,
,0.0,,0,0.0,0.0,0.0,0.0,
,0.0,,0,0.0,0.0,0.0,0.0,
AL25,14.7,,425,0.0,0.0,0.0,0.0,
,0.0,,0,0.0,0.0,0.0,0.0,
,0.0,,0,0.0,0.0,0.0,0.0,
AL25,16.84,,780,0.0,0.0,0.0,0.0,
,0.0,,0,0.0,0.0,0.0,0.0,
,0.0,,0,0.0,0.0,0.0,0.0,
AL25,18.01,,242,0.0,0.0,0.0,0.0,
,0.0,,0,0.0,0.0,0.0,0.0,
,0.0,,0,0.0,0.0,0.0,0.0,
AL25,29.4,,0,0.0,0.0,0.0,0.0,
,0.0,,0,0.0,0.0,0.0,0.0,
,0.0,,0,0.0,0.0,0.0,0.0,
AL25,17.02,,428,0.0,0.0,0.0,0.0,
,0.0,,0,0.0,0.0,0.0,0.0,
AL30,15.24,T-shirt,172,0.0,0.0,0.0,0.0,
AL30,24.96,T-shirt,21,0.0,0.0,0.0,0.0,
AL30,24.96,T-shirt,91,0.0,0.0,0.0,0.0,
AL30,24.96,T-shirt,328,0.0,0.0,0.0,0.0,
AL30,24.96,T-shirt,706,0.0,0.0,0.0,0.0,
AL30,24.96,T-shirt,34,0.0,0.0,0.0,0.0,
AL30,24.96,T-shirt,70,0.0,0.0,0.0,0.0,
AL30,24.96,T-shirt,622,0.0,0.0,0.0,0.0,
AL30,24.96,T-shirt,53,0.0,0.0,0.0,0.0,
AL30,24.96,T-shirt,370,0.0,0.0,0.0,0.0,
AL30,24.96,T-shirt,6,0.0,0.0,0.0,0.0,
AL30,24.96,T-shirt,161,0.0,0.0,0.0,0.0,
AL30,24.96,T-shirt,436,0.0,0.0,0.0,0.0,
AL30,24.96,T-shirt,212,0.0,0.0,0.0,0.0,
AL30,24.96,T-shirt,6,0.0,0.0,0.0,0.0,
AL30,24.96,T-shirt,105,0.0,0.0,0.0,0.0,
AL30,24.96,T-shirt,158,0.0,0.0,0.0,0.0,
AL30,24.96,T-shirt,135,0.0,0.0,0.0,0.0,
AL30,24.96,T-shirt,130,0.0,0.0,0.0,0.0,
AL30,24.96,T-shirt,1,0.0,0.0,0.0,0.0,
AL30,24.96,T-shirt,152,0.0,0.0,0.0,0.0,
AL30,24.96,T-shirt,348,0.0,0.0,0.0,0.0,
AL30,25.35,T-shirt,6,0.0,0.0,0.0,0.0,
AL30,25.35,T-shirt,158,0.0,0.0,0.0,0.0,
AL30,25.35,T-shirt,6,0.0,0.0,0.0,0.0,
AL30,25.35,T-shirt,32,0.0,0.0,0.0,0.0,
AL30,25.35,T-shirt,6,0.0,0.0,0.0,0.0,
AL30,25.35,T-shirt,192,0.0,0.0,0.0,0.0,
AL30,25.35,T-shirt,32,0.0,0.0,0.0,0.0,
AL30,25.35,T-shirt,6,0.0,0.0,0.0,0.0,
AL30,25.35,T-shirt,6,0.0,0.0,0.0,0.0,
AL30,25.35,T-shirt,32,0.0,0.0,0.0,0.0,
AL30,25.35,T-shirt,6,0.0,0.0,0.0,0.0,
AL30,25.35,T-shirt,383,0.0,0.0,0.0,0.0,
AL30,24.96,T-shirt,6,0.0,0.0,0.0,0.0,
AL30,24.96,T-shirt Polo,42,0.0,0.0,0.0,0.0,
AL30,24.96,T-shirt Polo,81,0.0,0.0,0.0,0.0,
AL30,24.96,T-shirt,162,0.0,0.0,0.0,0.0,
AL30,24.96,T-shirt,147,0.0,0.0,0.0,0.0,
AL30,24.96,T-shirt,315,0.0,0.0,0.0,0.0,
AL30,24.96,T-shirt,220,0.0,0.0,0.0,0.0,
AL30,24.96,T-shirt,6,0.0,0.0,0.0,0.0,
AL30,24.96,T-shirt,145,0.0,0.0,0.0,0.0,
AL30,24.96,T-shirt,209,0.0,0.0,0.0,0.0,
AL30,24.96,T-shirt,187,0.0,0.0,0.0,0.0,
AL30,24.96,T-shirt,602,0.0,0.0,0.0,0.0,
AL30,24.96,T-shirt,6,0.0,0.0,0.0,0.0,
AL30,24.96,T-shirt,16,0.0,0.0,0.0,0.0,
AL30,24.96,T-shirt,130,0.0,0.0,0.0,0.0,
AL30,24.96,T-shirt,76,0.0,0.0,0.0,0.0,
AL30,24.96,T-shirt,226,0.0,0.0,0.0,0.0,
AL30,24.96,T-shirt,309,0.0,0.0,0.0,0.0,
AL30,24.96,T-shirt,6,0.0,0.0,0.0,0.0,
AL30,24.96,T-shirt,206,0.0,0.0,0.0,0.0,
AL30,24.96,T-shirt,561,0.0,0.0,0.0,0.0,
AL30,24.96,T-shirt,436,0.0,0.0,0.0,0.0,
AL30,24.96,T-shirt,754,0.0,0.0,0.0,0.0,
AL30,24.96,T-shirt,598,0.0,0.0,0.0,0.0,
AL30,24.96,T-shirt Polo,29,0.0,0.0,0.0,0.0,
AL30,24.96,T-shirt Polo,50,0.0,0.0,0.0,0.0,
AL30,24.96,T-shirt Polo,60,0.0,0.0,0.0,0.0,
AL30,24.96,T-shirt Polo,384,0.0,0.0,0.0,0.0,
AL30,24.96,T-shirt Polo,21,0.0,0.0,0.0,0.0,
AL30,24.96,T-shirt Polo,126,0.0,0.0,0.0,0.0,
AL30,24.96,T-shirt Polo,79,0.0,0.0,0.0,0.0,
AL30,24.96,T-shirt Polo,224,0.0,0.0,0.0,0.0,
AL30,24.96,T-shirt Polo,384,0.0,0.0,0.0,0.0,
AL30,24.96,T-shirt Polo,184,0.0,0.0,0.0,0.0,
AL30,24.96,T-shirt Polo,420,0.0,0.0,0.0,0.0,
AL30,24.96,T-shirt Polo,284,0.0,0.0,0.0,0.0,
AL30,24.96,T-shirt Polo,41,0.0,0.0,0.0,0.0,
AL30,24.96,T-shirt Polo,219,0.0,0.0,0.0,0.0,
AL30,24.96,T-shirt Polo,92,0.0,0.0,0.0,0.0,
AL30,24.96,T-shirt Polo,176,0.0,0.0,0.0,0.0,
AL30,24.96,T-shirt Polo,28,0.0,0.0,0.0,0.0,
AL30,24.96,T-shirt Polo,570,0.0,0.0,0.0,0.0,
AL30,24.96,T-shirt Polo,39,0.0,0.0,0.0,0.0,
AL30,24.96,T-shirt Polo,55,0.0,0.0,0.0,0.0,
AL30,24.96,T-shirt Polo,87,0.0,0.0,0.0,0.0,
AL30,24.96,T-shirt Polo,342,0.0,0.0,0.0,0.0,
AL30,24.96,T-shirt Polo,55,0.0,0.0,0.0,0.0,
AL30,24.96,T-shirt Polo,139,0.0,0.0,0.0,0.0,
AL30,24.96,T-shirt Polo,155,0.0,0.0,0.0,0.0,
AL30,24.96,T-shirt Polo,174,0.0,0.0,0.0,0.0,
AL30,24.96,T-shirt Polo,136,0.0,0.0,0.0,0.0,
AL30,24.96,T-shirt Polo,565,0.0,0.0,0.0,0.0,
AL30,24.96,T-shirt Polo,176,0.0,0.0,0.0,0.0,
AL30,24.96,T-shirt Polo,702,0.0,0.0,0.0,0.0,
AL30,24.96,T-shirt Polo,182,0.0,0.0,0.0,0.0,
AL30,24.96,T-shirt Polo,547,0.0,0.0,0.0,0.0,
AL30,24.96,T-shirt Polo,158,0.0,0.0,0.0,0.0,
AL30,24.96,T-shirt Polo,184,0.0,0.0,0.0,0.0,
AL30,24.96,T-shirt Polo,368,0.0,0.0,0.0,0.0,
AL30,24.96,T-shirt Polo,126,0.0,0.0,0.0,0.0,
AL30,24.96,T-shirt Polo,158,0.0,0.0,0.0,0.0,
AL30,24.96,T-shirt Polo,59,0.0,0.0,0.0,0.0,
AL30,24.96,T-shirt Polo,122,0.0,0.0,0.0,0.0,
AL30,24.96,T-shirt Polo,368,0.0,0.0,0.0,0.0,
AL30,24.96,T-shirt Polo,21,0.0,0.0,0.0,0.0,
AL30,24.96,T-shirt Polo,126,0.0,0.0,0.0,0.0,
AL30,24.96,T-shirt Polo,158,0.0,0.0,0.0,0.0,
AL30,24.96,T-shirt Polo,84,0.0,0.0,0.0,0.0,
AL30,24.96,T-shirt Polo,473,0.0,0.0,0.0,0.0,
AL30,25.35,T-shirt Polo,32,0.0,0.0,0.0,0.0,
AL30,25.35,T-shirt Polo,3,0.0,0.0,0.0,0.0,
AL30,25.35,T-shirt Polo,6,0.0,0.0,0.0,0.0,
AL30,25.35,T-shirt Polo,32,0.0,0.0,0.0,0.0,
AL30,25.35,T-shirt Polo,6,0.0,0.0,0.0,0.0,
AL30,25.35,T-shirt Polo,32,0.0,0.0,0.0,0.0,
AL30,25.35,T-shirt Polo,6,0.0,0.0,0.0,0.0,
AL30,22.39,T-shirt Polo,26,0.0,0.0,0.0,0.0,
AL30,22.39,T-shirt Polo,72,0.0,0.0,0.0,0.0,
AL30,22.39,T-shirt Polo,98,0.0,0.0,0.0,0.0,
AL30,22.39,T-shirt Polo,79,0.0,0.0,0.0,0.0,
AL30,22.39,T-shirt Polo,232,0.0,0.0,0.0,0.0,
AL30,22.39,T-shirt Polo,398,0.0,0.0,0.0,0.0,
AL30,22.39,T-shirt Polo,16,0.0,0.0,0.0,0.0,
AL30,22.39,T-shirt Polo,6,0.0,0.0,0.0,0.0,
AL30,17.63,T-shirt,438,0.0,0.0,0.0,0.0,
AL30,17.63,T-shirt,6,0.0,0.0,0.0,0.0,
AL30,17.63,T-shirt,6,0.0,0.0,0.0,0.0,
AL30,17.63,T-shirt,700,0.0,0.0,0.0,0.0,
,0.0,,0,0.0,0.0,0.0,0.0,
AL30,25.35,,17,0.0,0.0,0.0,0.0,
,0.0,,0,0.0,0.0,0.0,0.0,
,0.0,,0,0.0,0.0,0.0,0.0,
AL30,17.63,,287,0.0,0.0,0.0,0.0,
,0.0,,0,0.0,0.0,0.0,0.0,
,0.0,,0,0.0,0.0,0.0,0.0,
AL30,24.96,,208,0.0,0.0,0.0,0.0,
,0.0,,0,0.0,0.0,0.0,0.0,
,0.0,,0,0.0,0.0,0.0,0.0,
AL30,25.35,,72,0.0,0.0,0.0,0.0,
,0.0,,0,0.0,0.0,0.0,0.0,
,0.0,,0,0.0,0.0,0.0,0.0,
AL30,15.24,,172,0.0,0.0,0.0,0.0,
,0.0,,0,0.0,0.0,0.0,0.0,
,0.0,,0,0.0,0.0,0.0,0.0,
AL30,22.39,,116,0.0,0.0,0.0,0.0,
,0.0,,0,0.0,0.0,0.0,0.0,
,0.0,,0,0.0,0.0,0.0,0.0,
AL30,24.53,,180,0.0,0.0,0.0,0.0,
,0.0,,0,0.0,0.0,0.0,0.0,
AL31,18.01,T-shirt,17,0.0,0.0,0.0,0.0,
AL31,18.01,T-shirt,74,0.0,0.0,0.0,0.0,
AL31,18.01,T-shirt,10,0.0,0.0,0.0,0.0,
AL31,18.01,T-shirt,312,0.0,0.0,0.0,0.0,
AL31,18.01,T-shirt,86,0.0,0.0,0.0,0.0,
AL31,18.01,T-shirt,818,0.0,0.0,0.0,0.0,
AL31,18.01,T-shirt,469,0.0,0.0,0.0,0.0,
AL31,16.84,T-shirt,701,0.0,0.0,0.0,0.0,
AL31,16.84,T-shirt,563,0.0,0.0,0.0,0.0,
AL31,16.84,T-shirt,324,0.0,0.0,0.0,0.0,
AL31,16.84,T-shirt,167,0.0,0.0,0.0,0.0,
AL31,16.84,T-shirt,55,0.0,0.0,0.0,0.0,
AL31,16.84,T-shirt,414,0.0,0.0,0.0,0.0,
AL31,16.84,T-shirt,383,0.0,0.0,0.0,0.0,
AL31,16.84,T-shirt,784,0.0,0.0,0.0,0.0,
AL31,19.13,T-shirt Baselayer,296,0.0,0.0,0.0,0.0,
AL31,19.13,T-shirt Baselayer,395,0.0,0.0,0.0,0.0,
AL31,19.13,T-shirt Baselayer,515,0.0,0.0,0.0,0.0,
AL31,19.13,T-shirt Baselayer,335,0.0,0.0,0.0,0.0,
AL31,24.56,T-shirt Baselayer,277,0.0,0.0,0.0,0.0,
AL31,24.56,T-shirt Baselayer,567,0.0,0.0,0.0,0.0,
AL31,24.56,T-shirt Baselayer,554,0.0,0.0,0.0,0.0,
AL31,24.56,T-shirt Baselayer,515,0.0,0.0,0.0,0.0,
AL31,18.01,T-shirt,60,0.0,0.0,0.0,0.0,
AL31,18.01,T-shirt,118,0.0,0.0,0.0,0.0,
AL31,18.01,T-shirt,243,0.0,0.0,0.0,0.0,
AL31,18.01,T-shirt,181,0.0,0.0,0.0,0.0,
AL31,18.01,T-shirt,478,0.0,0.0,0.0,0.0,
AL31,18.01,T-shirt,286,0.0,0.0,0.0,0.0,
AL31,18.01,T-shirt,390,0.0,0.0,0.0,0.0,
AL31,18.01,T-shirt,293,0.0,0.0,0.0,0.0,
AL31,18.01,T-shirt,727,0.0,0.0,0.0,0.0,
AL31,18.01,T-shirt,14,0.0,0.0,0.0,0.0,
AL31,18.01,T-shirt,52,0.0,0.0,0.0,0.0,
AL31,18.01,T-shirt,85,0.0,0.0,0.0,0.0,
AL31,18.01,T-shirt,207,0.0,0.0,0.0,0.0,
AL31,18.01,T-shirt,272,0.0,0.0,0.0,0.0,
AL31,18.01,T-shirt,158,0.0,0.0,0.0,0.0,
AL31,18.01,T-shirt,1,0.0,0.0,0.0,0.0,
AL31,18.01,T-shirt,102,0.0,0.0,0.0,0.0,
AL31,18.01,T-shirt,151,0.0,0.0,0.0,0.0,
AL31,18.01,T-shirt,256,0.0,0.0,0.0,0.0,
AL31,18.01,T-shirt,285,0.0,0.0,0.0,0.0,
AL31,18.01,T-shirt,164,0.0,0.0,0.0,0.0,
AL31,18.01,T-shirt,451,0.0,0.0,0.0,0.0,
AL31,18.01,T-shirt,229,0.0,0.0,0.0,0.0,
AL31,18.01,T-shirt,370,0.0,0.0,0.0,0.0,
AL31,18.01,T-shirt,3,0.0,0.0,0.0,0.0,
AL31,18.01,T-shirt,30,0.0,0.0,0.0,0.0,
AL31,18.01,T-shirt,158,0.0,0.0,0.0,0.0,
AL31,18.01,T-shirt,168,0.0,0.0,0.0,0.0,
AL31,18.01,T-shirt,172,0.0,0.0,0.0,0.0,
AL31,18.01,T-shirt,232,0.0,0.0,0.0,0.0,
AL31,18.01,T-shirt,158,0.0,0.0,0.0,0.0,
AL31,18.01,T-shirt,650,0.0,0.0,0.0,0.0,
AL31,16.27,T-shirt,183,0.0,0.0,0.0,0.0,
AL31,16.27,T-shirt,214,0.0,0.0,0.0,0.0,
AL31,16.27,T-shirt,223,0.0,0.0,0.0,0.0,
AL31,16.27,T-shirt,469,0.0,0.0,0.0,0.0,
AL31,16.27,T-shirt,308,0.0,0.0,0.0,0.0,
AL31,16.27,T-shirt,382,0.0,0.0,0.0,0.0,
AL31,16.27,T-shirt,612,0.0,0.0,0.0,0.0,
AL31,16.27,T-shirt,426,0.0,0.0,0.0,0.0,
AL31,16.27,T-shirt,453,0.0,0.0,0.0,0.0,
AL31,16.27,T-shirt,588,0.0,0.0,0.0,0.0,
AL31,16.27,T-shirt,890,0.0,0.0,0.0,0.0,
AL31,16.27,T-shirt,628,0.0,0.0,0.0,0.0,
AL31,16.84,T-shirt,40,0.0,0.0,0.0,0.0,
AL31,16.84,T-shirt,56,0.0,0.0,0.0,0.0,
AL31,16.84,T-shirt,109,0.0,0.0,0.0,0.0,
AL31,16.84,T-shirt,126,0.0,0.0,0.0,0.0,
AL31,16.84,T-shirt,131,0.0,0.0,0.0,0.0,
AL31,16.84,T-shirt,284,0.0,0.0,0.0,0.0,
AL31,16.84,T-shirt,34,0.0,0.0,0.0,0.0,
AL31,16.84,T-shirt,126,0.0,0.0,0.0,0.0,
AL31,16.84,T-shirt,246,0.0,0.0,0.0,0.0,
AL31,16.84,T-shirt,328,0.0,0.0,0.0,0.0,
AL31,16.84,T-shirt,336,0.0,0.0,0.0,0.0,
AL31,16.84,T-shirt,464,0.0,0.0,0.0,0.0,
AL31,16.84,T-shirt,482,0.0,0.0,0.0,0.0,
AL31,16.84,T-shirt,730,0.0,0.0,0.0,0.0,
AL31,16.84,T-shirt,701,0.0,0.0,0.0,0.0,
AL31,16.27,T-shirt,117,0.0,0.0,0.0,0.0,
AL31,16.27,T-shirt,162,0.0,0.0,0.0,0.0,
AL31,16.27,T-shirt,346,0.0,0.0,0.0,0.0,
AL31,16.27,T-shirt,222,0.0,0.0,0.0,0.0,
AL31,16.27,T-shirt,358,0.0,0.0,0.0,0.0,
AL31,16.27,T-shirt,678,0.0,0.0,0.0,0.0,
AL31,16.27,T-shirt,10,0.0,0.0,0.0,0.0,
AL31,16.27,T-shirt,194,0.0,0.0,0.0,0.0,
AL31,16.27,T-shirt,460,0.0,0.0,0.0,0.0,
AL31,16.27,T-shirt,236,0.0,0.0,0.0,0.0,
AL31,16.27,T-shirt,507,0.0,0.0,0.0,0.0,
AL31,16.27,T-shirt,324,0.0,0.0,0.0,0.0,
AL31,16.27,T-shirt,812,0.0,0.0,0.0,0.0,
AL31,19.13,Jacket Full Zip,412,0.0,0.0,0.0,0.0,
AL31,19.13,Jacket Full Zip,622,0.0,0.0,0.0,0.0,
AL31,19.13,Jacket Full Zip,0,0.0,0.0,0.0,0.0,
AL31,16.27,T-shirt,0,0.0,0.0,0.0,0.0,
AL31,16.27,T-shirt,0,0.0,0.0,0.0,0.0,
AL31,16.27,T-shirt,0,0.0,0.0,0.0,0.0,
AL31,16.27,T-shirt,0,0.0,0.0,0.0,0.0,
AL31,16.27,T-shirt,0,0.0,0.0,0.0,0.0,
AL31,16.27,T-shirt,0,0.0,0.0,0.0,0.0,
AL31,16.27,T-shirt,0,0.0,0.0,0.0,0.0,
AL31,16.27,T-shirt,0,0.0,0.0,0.0,0.0,
AL31,16.27,T-shirt,0,0.0,0.0,0.0,0.0,
AL31,16.27,T-shirt,0,0.0,0.0,0.0,0.0,
AL31,16.27,T-shirt,0,0.0,0.0,0.0,0.0,
AL31,16.27,T-shirt,0,0.0,0.0,0.0,0.0,
AL31,16.27,T-shirt,0,0.0,0.0,0.0,0.0,
AL31,16.27,T-shirt,0,0.0,0.0,0.0,0.0,
AL31,16.27,T-shirt,0,0.0,0.0,0.0,0.0,
AL31,16.27,T-shirt,0,0.0,0.0,0.0,0.0,
AL31,16.27,T-shirt,0,0.0,0.0,0.0,0.0,
AL31,16.27,T-shirt,0,0.0,0.0,0.0,0.0,
AL31,16.27,T-shirt,0,0.0,0.0,0.0,0.0,
AL31,16.27,T-shirt,0,0.0,0.0,0.0,0.0,
AL31,16.27,T-shirt,0,0.0,0.0,0.0,0.0,
AL31,16.27,T-shirt,0,0.0,0.0,0.0,0.0,
AL31,16.27,T-shirt,0,0.0,0.0,0.0,0.0,
,0.0,,0,0.0,0.0,0.0,0.0,
AL31,19.13,,429,0.0,0.0,0.0,0.0,
,0.0,,0,0.0,0.0,0.0,0.0,
,0.0,,0,0.0,0.0,0.0,0.0,
AL31,24.56,,478,0.0,0.0,0.0,0.0,
,0.0,,0,0.0,0.0,0.0,0.0,
,0.0,,0,0.0,0.0,0.0,0.0,
AL31,16.84,,330,0.0,0.0,0.0,0.0,
,0.0,,0,0.0,0.0,0.0,0.0,
,0.0,,0,0.0,0.0,0.0,0.0,
AL31,18.01,,235,0.0,0.0,0.0,0.0,
,0.0,,0,0.0,0.0,0.0,0.0,
,0.0,,0,0.0,0.0,0.0,0.0,
AL31,16.27,,392,0.0,0.0,0.0,0.0,
,0.0,,0,0.0,0.0,0.0,0.0,
,0.0,,0,0.0,0.0,0.0,0.0,
AL31,18.01,,17,0.0,0.0,0.0,0.0,
,0.0,,0,0.0,0.0,0.0,0.0,
,0.0,,0,0.0,0.0,0.0,0.0,
AL31,17.38,,318,0.0,0.0,0.0,0.0,
,0.0,,0,0.0,0.0,0.0,0.0,
AL32,16.84,T-shirt,48,0.0,0.0,0.0,0.0,
AL32,16.84,T-shirt,77,0.0,0.0,0.0,0.0,
AL32,16.84,T-shirt,113,0.0,0.0,0.0,0.0,
AL32,16.84,T-shirt,6,0.0,0.0,0.0,0.0,
AL32,16.84,T-shirt,83,0.0,0.0,0.0,0.0,
AL32,16.84,T-shirt,10,0.0,0.0,0.0,0.0,
AL32,16.84,T-shirt,293,0.0,0.0,0.0,0.0,
AL32,16.84,T-shirt,361,0.0,0.0,0.0,0.0,
AL32,16.84,T-shirt,10,0.0,0.0,0.0,0.0,
AL32,16.84,T-shirt,375,0.0,0.0,0.0,0.0,
AL32,16.84,T-shirt,746,0.0,0.0,0.0,0.0,
AL32,16.84,T-shirt,322,0.0,0.0,0.0,0.0,
AL32,16.84,T-shirt,256,0.0,0.0,0.0,0.0,
AL32,16.84,T-shirt,897,0.0,0.0,0.0,0.0,
AL32,16.84,T-shirt,10,0.0,0.0,0.0,0.0,
AL32,16.84,T-shirt,148,0.0,0.0,0.0,0.0,
AL32,16.84,T-shirt,542,0.0,0.0,0.0,0.0,
AL32,16.84,T-shirt,706,0.0,0.0,0.0,0.0,
AL32,16.84,T-shirt,496,0.0,0.0,0.0,0.0,
AL32,16.84,T-shirt,384,0.0,0.0,0.0,0.0,
AL32,16.84,T-shirt,559,0.0,0.0,0.0,0.0,
AL32,16.84,T-shirt,536,0.0,0.0,0.0,0.0,
AL32,16.84,T-shirt,699,0.0,0.0,0.0,0.0,
AL32,16.84,T-shirt,43,0.0,0.0,0.0,0.0,
AL32,16.84,T-shirt,22,0.0,0.0,0.0,0.0,
AL32,16.84,T-shirt,63,0.0,0.0,0.0,0.0,
AL32,16.84,T-shirt,95,0.0,0.0,0.0,0.0,
AL32,16.84,T-shirt,123,0.0,0.0,0.0,0.0,
AL32,16.84,T-shirt,144,0.0,0.0,0.0,0.0,
AL32,16.84,T-shirt,629,0.0,0.0,0.0,0.0,
AL32,16.84,T-shirt,3,0.0,0.0,0.0,0.0,
AL32,16.84,T-shirt,53,0.0,0.0,0.0,0.0,
AL32,16.84,T-shirt,193,0.0,0.0,0.0,0.0,
AL32,16.84,T-shirt,232,0.0,0.0,0.0,0.0,
AL32,16.84,T-shirt,240,0.0,0.0,0.0,0.0,
AL32,16.84,T-shirt,306,0.0,0.0,0.0,0.0,
AL32,16.84,T-shirt,204,0.0,0.0,0.0,0.0,
AL32,16.84,T-shirt,356,0.0,0.0,0.0,0.0,
AL32,16.84,T-shirt,716,0.0,0.0,0.0,0.0,
AL32,16.84,T-shirt,507,0.0,0.0,0.0,0.0,
AL32,16.84,T-shirt,328,0.0,0.0,0.0,0.0,
AL32,16.84,T-shirt,500,0.0,0.0,0.0,0.0,
AL32,16.84,T-shirt,623,0.0,0.0,0.0,0.0,
AL32,16.84,T-shirt,581,0.0,0.0,0.0,0.0,
AL32,16.84,T-shirt,453,0.0,0.0,0.0,0.0,
AL32,16.84,T-shirt,997,0.0,0.0,0.0,0.0,
AL32,16.84,T-shirt,18,0.0,0.0,0.0,0.0,
AL32,16.84,T-shirt,44,0.0,0.0,0.0,0.0,
AL32,16.84,T-shirt,124,0.0,0.0,0.0,0.0,
AL32,16.84,T-shirt,156,0.0,0.0,0.0,0.0,
AL32,16.84,T-shirt,142,0.0,0.0,0.0,0.0,
AL32,16.84,T-shirt,290,0.0,0.0,0.0,0.0,
AL32,16.84,T-shirt,413,0.0,0.0,0.0,0.0,
AL32,16.84,T-shirt,34,0.0,0.0,0.0,0.0,
AL32,16.84,T-shirt,123,0.0,0.0,0.0,0.0,
AL32,16.84,T-shirt,454,0.0,0.0,0.0,0.0,
AL32,16.84,T-shirt,681,0.0,0.0,0.0,0.0,
AL32,16.84,T-shirt,466,0.0,0.0,0.0,0.0,
AL32,16.84,T-shirt,484,0.0,0.0,0.0,0.0,
AL32,16.84,T-shirt,159,0.0,0.0,0.0,0.0,
AL32,16.84,T-shirt,187,0.0,0.0,0.0,0.0,
AL32,16.84,T-shirt,131,0.0,0.0,0.0,0.0,
AL32,16.84,T-shirt,275,0.0,0.0,0.0,0.0,
AL32,16.84,T-shirt,294,0.0,0.0,0.0,0.0,
AL32,29.4,T-shirt,48,0.0,0.0,0.0,0.0,
AL32,29.4,T-shirt,80,0.0,0.0,0.0,0.0,
AL32,29.4,T-shirt,72,0.0,0.0,0.0,0.0,
AL32,29.4,T-shirt,153,0.0,0.0,0.0,0.0,
AL32,29.4,T-shirt,190,0.0,0.0,0.0,0.0,
AL32,29.4,T-shirt,457,0.0,0.0,0.0,0.0,
AL32,29.4,T-shirt,548,0.0,0.0,0.0,0.0,
AL32,29.4,T-shirt,18,0.0,0.0,0.0,0.0,
AL32,29.4,T-shirt,87,0.0,0.0,0.0,0.0,
AL32,29.4,T-shirt,164,0.0,0.0,0.0,0.0,
AL32,29.4,T-shirt,205,0.0,0.0,0.0,0.0,
AL32,29.4,T-shirt,204,0.0,0.0,0.0,0.0,
AL32,29.4,T-shirt,10,0.0,0.0,0.0,0.0,
AL32,29.4,T-shirt,36,0.0,0.0,0.0,0.0,
AL32,29.4,T-shirt,46,0.0,0.0,0.0,0.0,
AL32,29.4,T-shirt,89,0.0,0.0,0.0,0.0,
AL32,29.4,T-shirt,96,0.0,0.0,0.0,0.0,
AL32,29.4,T-shirt,260,0.0,0.0,0.0,0.0,
AL32,29.4,T-shirt,575,0.0,0.0,0.0,0.0,
AL32,29.4,T-shirt,10,0.0,0.0,0.0,0.0,
AL32,29.4,T-shirt,37,0.0,0.0,0.0,0.0,
AL32,29.4,T-shirt,87,0.0,0.0,0.0,0.0,
AL32,29.4,T-shirt,164,0.0,0.0,0.0,0.0,
AL32,29.4,T-shirt,205,0.0,0.0,0.0,0.0,
AL32,29.4,T-shirt,204,0.0,0.0,0.0,0.0,
AL32,29.4,T-shirt,548,0.0,0.0,0.0,0.0,
AL32,29.4,T-shirt,48,0.0,0.0,0.0,0.0,
AL32,29.4,T-shirt,80,0.0,0.0,0.0,0.0,
AL32,29.4,T-shirt,144,0.0,0.0,0.0,0.0,
AL32,29.4,T-shirt,153,0.0,0.0,0.0,0.0,
AL32,29.4,T-shirt,190,0.0,0.0,0.0,0.0,
AL32,29.4,T-shirt,571,0.0,0.0,0.0,0.0,
AL32,29.4,T-shirt,6,0.0,0.0,0.0,0.0,
AL32,29.4,T-shirt,23,0.0,0.0,0.0,0.0,
AL32,29.4,T-shirt,112,0.0,0.0,0.0,0.0,
AL32,29.4,T-shirt,76,0.0,0.0,0.0,0.0,
AL32,29.4,T-shirt,0,0.0,0.0,0.0,0.0,
AL32,29.4,T-shirt,0,0.0,0.0,0.0,0.0,
AL32,29.4,T-shirt,0,0.0,0.0,0.0,0.0,
AL32,29.4,T-shirt,0,0.0,0.0,0.0,0.0,
AL32,29.4,T-shirt,0,0.0,0.0,0.0,0.0,
AL32,29.4,T-shirt,0,0.0,0.0,0.0,0.0,
AL32,29.4,T-shirt,0,0.0,0.0,0.0,0.0,
AL32,29.4,T-shirt,0,0.0,0.0,0.0,0.0,
AL32,29.4,T-shirt,0,0.0,0.0,0.0,0.0,
AL32,29.4,T-shirt,0,0.0,0.0,0.0,0.0,
AL32,29.4,T-shirt,0,0.0,0.0,0.0,0.0,
AL32,29.4,T-shirt,0,0.0,0.0,0.0,0.0,
AL32,29.4,T-shirt,0,0.0,0.0,0.0,0.0,
AL32,29.4,T-shirt,0,0.0,0.0,0.0,0.0,
AL32,29.4,T-shirt,0,0.0,0.0,0.0,0.0,
AL32,29.4,T-shirt,0,0.0,0.0,0.0,0.0,
AL32,29.4,T-shirt,0,0.0,0.0,0.0,0.0,
AL32,29.4,T-shirt,0,0.0,0.0,0.0,0.0,
AL32,29.4,T-shirt,0,0.0,0.0,0.0,0.0,
AL32,29.4,T-shirt,0,0.0,0.0,0.0,0.0,
AL32,29.4,T-shirt,0,0.0,0.0,0.0,0.0,
AL32,29.4,T-shirt,0,0.0,0.0,0.0,0.0,
AL32,29.4,T-shirt,0,0.0,0.0,0.0,0.0,
AL32,29.4,T-shirt,0,0.0,0.0,0.0,0.0,
AL32,29.4,T-shirt,0,0.0,0.0,0.0,0.0,
AL32,29.4,T-shirt,0,0.0,0.0,0.0,0.0,
AL32,29.4,T-shirt,0,0.0,0.0,0.0,0.0,
AL32,29.4,T-shirt,0,0.0,0.0,0.0,0.0,
AL32,29.4,T-shirt,0,0.0,0.0,0.0,0.0,
AL32,29.4,T-shirt,0,0.0,0.0,0.0,0.0,
AL32,29.4,T-shirt,0,0.0,0.0,0.0,0.0,
AL32,29.4,T-shirt,0,0.0,0.0,0.0,0.0,
AL32,29.4,T-shirt,0,0.0,0.0,0.0,0.0,
AL32,29.4,T-shirt,0,0.0,0.0,0.0,0.0,
AL32,29.4,T-shirt,0,0.0,0.0,0.0,0.0,
AL32,29.4,T-shirt,0,0.0,0.0,0.0,0.0,
AL32,29.4,T-shirt,0,0.0,0.0,0.0,0.0,
AL32,29.4,T-shirt,0,0.0,0.0,0.0,0.0,
AL32,29.4,T-shirt,0,0.0,0.0,0.0,0.0,
AL32,29.4,T-shirt,0,0.0,0.0,0.0,0.0,
,0.0,,0,0.0,0.0,0.0,0.0,
AL32,16.84,,306,0.0,0.0,0.0,0.0,
,0.0,,0,0.0,0.0,0.0,0.0,
,0.0,,0,0.0,0.0,0.0,0.0,
AL32,29.4,,167,0.0,0.0,0.0,0.0,
,0.0,,0,0.0,0.0,0.0,0.0,
,0.0,,0,0.0,0.0,0.0,0.0,
AL32,23.66,,256,0.0,0.0,0.0,0.0,
,0.0,,0,0.0,0.0,0.0,0.0,
AL34,24.56,T-shirt Baselayer,18,0.0,0.0,0.0,0.0,
AL34,20.04,T-shirt,34,0.0,0.0,0.0,0.0,
AL34,20.92,T-shirt,518,0.0,0.0,0.0,0.0,
AL34,20.92,T-shirt,453,0.0,0.0,0.0,0.0,
AL34,20.65,Jacket,102,0.0,0.0,0.0,0.0,
AL34,20.92,T-shirt,666,0.0,0.0,0.0,0.0,
AL34,20.92,T-shirt,263,0.0,0.0,0.0,0.0,
AL34,20.92,T-shirt,564,0.0,0.0,0.0,0.0,
AL34,20.92,T-shirt,609,0.0,0.0,0.0,0.0,
AL34,20.92,T-shirt,211,0.0,0.0,0.0,0.0,
AL34,20.92,T-shirt,746,0.0,0.0,0.0,0.0,
AL34,20.92,T-shirt,6,0.0,0.0,0.0,0.0,
AL34,20.92,T-shirt,29,0.0,0.0,0.0,0.0,
AL34,20.92,T-shirt,262,0.0,0.0,0.0,0.0,
AL34,20.92,T-shirt,635,0.0,0.0,0.0,0.0,
AL34,20.92,T-shirt,467,0.0,0.0,0.0,0.0,
AL34,20.92,T-shirt,6,0.0,0.0,0.0,0.0,
AL34,20.92,T-shirt,337,0.0,0.0,0.0,0.0,
AL34,20.92,T-shirt,233,0.0,0.0,0.0,0.0,
AL34,20.92,T-shirt,567,0.0,0.0,0.0,0.0,
AL34,20.92,T-shirt,338,0.0,0.0,0.0,0.0,
AL34,20.92,T-shirt,169,0.0,0.0,0.0,0.0,
AL34,20.92,T-shirt,739,0.0,0.0,0.0,0.0,
AL34,20.92,T-shirt,6,0.0,0.0,0.0,0.0,
AL34,20.92,T-shirt,296,0.0,0.0,0.0,0.0,
AL34,20.92,T-shirt,6,0.0,0.0,0.0,0.0,
AL34,20.92,T-shirt,259,0.0,0.0,0.0,0.0,
AL34,20.92,T-shirt,142,0.0,0.0,0.0,0.0,
AL34,20.92,T-shirt,617,0.0,0.0,0.0,0.0,
AL34,20.92,T-shirt,446,0.0,0.0,0.0,0.0,
AL34,20.92,T-shirt,192,0.0,0.0,0.0,0.0,
AL34,20.92,T-shirt,992,0.0,0.0,0.0,0.0,
AL34,20.92,T-shirt,194,0.0,0.0,0.0,0.0,
AL34,20.92,T-shirt,558,0.0,0.0,0.0,0.0,
AL34,20.04,T-shirt,128,0.0,0.0,0.0,0.0,
AL34,13.77,Tank Top Baselayer,9,0.0,0.0,0.0,0.0,
AL34,13.77,Tank Top Baselayer,27,0.0,0.0,0.0,0.0,
AL34,13.77,Tank Top Baselayer,38,0.0,0.0,0.0,0.0,
AL34,13.77,Tank Top Baselayer,139,0.0,0.0,0.0,0.0,
AL34,13.77,Tank Top Baselayer,158,0.0,0.0,0.0,0.0,
AL34,13.77,Tank Top Baselayer,91,0.0,0.0,0.0,0.0,
AL34,13.77,Tank Top Baselayer,169,0.0,0.0,0.0,0.0,
AL34,13.77,Tank Top Baselayer,305,0.0,0.0,0.0,0.0,
AL34,13.77,Tank Top Baselayer,252,0.0,0.0,0.0,0.0,
AL34,13.77,Tank Top Baselayer,6,0.0,0.0,0.0,0.0,
AL34,13.77,Tank Top Baselayer,16,0.0,0.0,0.0,0.0,
AL34,13.77,Tank Top Baselayer,53,0.0,0.0,0.0,0.0,
AL34,13.77,Tank Top Baselayer,53,0.0,0.0,0.0,0.0,
AL34,13.77,Tank Top Baselayer,75,0.0,0.0,0.0,0.0,
AL34,13.77,Tank Top Baselayer,146,0.0,0.0,0.0,0.0,
AL34,13.77,Tank Top Baselayer,291,0.0,0.0,0.0,0.0,
AL34,13.77,T-shirt,6,0.0,0.0,0.0,0.0,
AL34,13.77,T-shirt,131,0.0,0.0,0.0,0.0,
AL34,20.92,T-shirt Polo,54,0.0,0.0,0.0,0.0,
AL34,20.92,T-shirt Polo,238,0.0,0.0,0.0,0.0,
AL34,20.92,T-shirt Polo,128,0.0,0.0,0.0,0.0,
AL34,20.92,T-shirt Polo,80,0.0,0.0,0.0,0.0,
AL34,20.92,T-shirt Polo,26,0.0,0.0,0.0,0.0,
AL34,20.92,T-shirt Polo,224,0.0,0.0,0.0,0.0,
AL34,20.92,T-shirt Polo,186,0.0,0.0,0.0,0.0,
AL34,20.92,T-shirt Polo,359,0.0,0.0,0.0,0.0,
AL34,20.92,T-shirt Polo,346,0.0,0.0,0.0,0.0,
AL34,20.92,T-shirt Polo,11,0.0,0.0,0.0,0.0,
AL34,20.92,T-shirt Polo,352,0.0,0.0,0.0,0.0,
AL34,20.92,T-shirt Polo,462,0.0,0.0,0.0,0.0,
AL34,20.92,T-shirt Polo,1,0.0,0.0,0.0,0.0,
AL34,20.92,T-shirt Polo,388,0.0,0.0,0.0,0.0,
AL34,20.92,T-shirt Polo,63,0.0,0.0,0.0,0.0,
AL34,20.92,T-shirt Polo,48,0.0,0.0,0.0,0.0,
AL34,20.92,T-shirt Polo,92,0.0,0.0,0.0,0.0,
AL34,20.92,T-shirt Polo,142,0.0,0.0,0.0,0.0,
AL34,20.92,T-shirt Polo,24,0.0,0.0,0.0,0.0,
AL34,20.92,T-shirt Polo,347,0.0,0.0,0.0,0.0,
AL34,20.92,T-shirt Polo,126,0.0,0.0,0.0,0.0,
AL34,20.92,T-shirt Polo,33,0.0,0.0,0.0,0.0,
AL34,20.92,T-shirt Polo,210,0.0,0.0,0.0,0.0,
AL34,20.92,T-shirt Polo,311,0.0,0.0,0.0,0.0,
AL34,20.92,T-shirt Polo,184,0.0,0.0,0.0,0.0,
AL34,20.92,T-shirt Polo,200,0.0,0.0,0.0,0.0,
AL34,20.92,T-shirt Polo,210,0.0,0.0,0.0,0.0,
AL34,20.92,T-shirt Polo,231,0.0,0.0,0.0,0.0,
AL34,20.92,T-shirt Polo,134,0.0,0.0,0.0,0.0,
AL34,20.92,T-shirt Polo,26,0.0,0.0,0.0,0.0,
AL34,20.92,T-shirt Polo,368,0.0,0.0,0.0,0.0,
AL34,20.92,T-shirt Polo,200,0.0,0.0,0.0,0.0,
AL34,20.92,T-shirt Polo,156,0.0,0.0,0.0,0.0,
AL34,20.92,T-shirt Polo,368,0.0,0.0,0.0,0.0,
AL34,20.92,T-shirt Polo,420,0.0,0.0,0.0,0.0,
AL34,20.92,T-shirt Polo,210,0.0,0.0,0.0,0.0,
AL34,20.92,T-shirt Polo,200,0.0,0.0,0.0,0.0,
AL34,20.92,T-shirt Polo,210,0.0,0.0,0.0,0.0,
AL34,20.92,T-shirt Polo,231,0.0,0.0,0.0,0.0,
AL34,20.92,T-shirt Polo,270,0.0,0.0,0.0,0.0,
AL34,20.92,T-shirt Polo,368,0.0,0.0,0.0,0.0,
AL34,24.83,T-shirt Baselayer,453,0.0,0.0,0.0,0.0,
AL34,24.83,T-shirt Baselayer,258,0.0,0.0,0.0,0.0,
AL34,24.83,T-shirt Baselayer,566,0.0,0.0,0.0,0.0,
AL34,24.83,T-shirt Baselayer,258,0.0,0.0,0.0,0.0,
AL34,24.83,T-shirt Baselayer,628,0.0,0.0,0.0,0.0,
AL34,24.56,T-shirt Baselayer,516,0.0,0.0,0.0,0.0,
AL34,24.56,T-shirt Baselayer,396,0.0,0.0,0.0,0.0,
AL34,24.56,T-shirt Baselayer,515,0.0,0.0,0.0,0.0,
AL34,24.56,T-shirt Baselayer,298,0.0,0.0,0.0,0.0,
AL34,24.56,Jacket Full Zip,515,0.0,0.0,0.0,0.0,
AL34,24.56,Jacket Full Zip,515,0.0,0.0,0.0,0.0,
AL34,24.56,Jacket Full Zip,360,0.0,0.0,0.0,0.0,
AL34,24.56,Jacket Full Zip,258,0.0,0.0,0.0,0.0,
AL34,24.56,Jacket Full Zip,515,0.0,0.0,0.0,0.0,
AL34,24.56,Jacket Full Zip,813,0.0,0.0,0.0,0.0,
AL34,24.83,T-shirt Baselayer,0,0.0,0.0,0.0,0.0,
AL34,24.83,Jacket Full Zip,0,0.0,0.0,0.0,0.0,
AL34,24.83,Jacket Full Zip,0,0.0,0.0,0.0,0.0,
AL34,24.83,Jacket Full Zip,0,0.0,0.0,0.0,0.0,
AL34,24.83,Jacket Full Zip,0,0.0,0.0,0.0,0.0,
AL34,24.83,T-shirt Baselayer,0,0.0,0.0,0.0,0.0,
AL34,24.83,T-shirt Baselayer,0,0.0,0.0,0.0,0.0,
AL34,24.83,T-shirt Baselayer,0,0.0,0.0,0.0,0.0,
AL34,24.56,T-shirt Baselayer,0,0.0,0.0,0.0,0.0,
AL34,24.56,T-shirt Baselayer,0,0.0,0.0,0.0,0.0,
AL34,24.56,T-shirt Baselayer,0,0.0,0.0,0.0,0.0,
AL34,24.56,T-shirt Baselayer,0,0.0,0.0,0.0,0.0,
AL34,19.13,T-shirt Baselayer,0,0.0,0.0,0.0,0.0,
AL34,19.13,T-shirt Baselayer,0,0.0,0.0,0.0,0.0,
AL34,19.13,T-shirt Baselayer,0,0.0,0.0,0.0,0.0,
AL34,19.13,T-shirt Baselayer,0,0.0,0.0,0.0,0.0,
,0.0,,0,0.0,0.0,0.0,0.0,
AL34,19.13,,0,0.0,0.0,0.0,0.0,
,0.0,,0,0.0,0.0,0.0,0.0,
,0.0,,0,0.0,0.0,0.0,0.0,
AL34,24.83,,433,0.0,0.0,0.0,0.0,
,0.0,,0,0.0,0.0,0.0,0.0,
,0.0,,0,0.0,0.0,0.0,0.0,
AL34,24.56,,429,0.0,0.0,0.0,0.0,
,0.0,,0,0.0,0.0,0.0,0.0,
,0.0,,0,0.0,0.0,0.0,0.0,
AL34,20.92,,275,0.0,0.0,0.0,0.0,
,0.0,,0,0.0,0.0,0.0,0.0,
,0.0,,0,0.0,0.0,0.0,0.0,
AL34,20.04,,81,0.0,0.0,0.0,0.0,
,0.0,,0,0.0,0.0,0.0,0.0,
,0.0,,0,0.0,0.0,0.0,0.0,
AL34,13.77,,68,0.0,0.0,0.0,0.0,
,0.0,,0,0.0,0.0,0.0,0.0,
,0.0,,0,0.0,0.0,0.0,0.0,
AL34,13.77,,114,0.0,0.0,0.0,0.0,
,0.0,,0,0.0,0.0,0.0,0.0,
,0.0,,0,0.0,0.0,0.0,0.0,
AL34,20.65,,102,0.0,0.0,0.0,0.0,
,0.0,,0,0.0,0.0,0.0,0.0,
,0.0,,0,0.0,0.0,0.0,0.0,
AL34,20.66,,265,0.0,0.0,0.0,0.0,
,0.0,,0,0.0,0.0,0.0,0.0,